exp_id,seed,fold,reserved_per_class,hidden_dims,dropout,bin_lr,head_lr,ft_lr,weight_decay,scaler_strategy,use_transfer,transfer_mode,phase1_freeze,phase2_finetune,use_class_weights,multiclass_weights,selection_score,val_loss_final,val_acc_final,val_balanced_acc_final,val_f1_macro_final,val_f1_weighted_final,val_precision_macro_final,val_recall_0_final,val_recall_1_final,val_recall_2_final,val_precision_0_final,val_precision_1_final,val_precision_2_final,test_loss,test_acc,test_balanced_acc,test_f1_macro,test_f1_weighted,test_precision_macro,test_recall_0,test_recall_1,test_recall_2,test_precision_0,test_precision_1,test_precision_2,bin_val_loss,bin_val_acc,bin_val_f1,bin_val_balanced_acc,n_splits_cv
E13_scaler_binary_train,7,1,72,"(384, 64)",0.3,0.001,0.001,0.0003,0.0001,binary_train,True,all,True,True,True,"(1.0, 1.5, 1.0)",0.7553927553927554,0.8649351642682002,0.7692307692307693,0.7777777777777777,0.7553927553927554,0.7502582887198271,0.8222222222222223,0.8888888888888888,0.4444444444444444,1.0,0.6666666666666666,1.0,0.8,0.44935374097390607,0.8181818181818182,0.8111111111111112,0.7991310160427808,0.8028302746718521,0.8313983488132095,1.0,0.5,0.9333333333333333,0.8823529411764706,0.875,0.7368421052631579,0.3051489527161057,0.8918918918918919,0.8987341772151899,0.8934954855352866,5
E13_scaler_binary_train,7,2,72,"(384, 64)",0.3,0.001,0.001,0.0003,0.0001,binary_train,True,all,True,True,True,"(1.0, 1.5, 1.0)",0.9211816305469557,0.3660791934682773,0.9230769230769231,0.9259259259259259,0.9211816305469557,0.9204125982376756,0.9296296296296296,1.0,0.7777777777777778,1.0,0.8888888888888888,1.0,0.9,0.22453532835771872,0.9302325581395349,0.9285714285714285,0.9284007509813961,0.9293156622488955,0.9297161172161172,1.0,0.8571428571428571,0.9285714285714286,0.9375,0.9230769230769231,0.9285714285714286,0.3051489527161057,0.8918918918918919,0.8987341772151899,0.8934954855352866,5
E13_scaler_binary_train,7,3,72,"(384, 64)",0.3,0.001,0.001,0.0003,0.0001,binary_train,True,all,True,True,True,"(1.0, 1.5, 1.0)",0.8721997300944669,0.2961257891013072,0.8846153846153846,0.875,0.8721997300944669,0.8761600747430708,0.9060606060606061,1.0,0.625,1.0,0.8181818181818182,1.0,0.9,0.27589386077814326,0.9069767441860465,0.9095238095238095,0.9064039408866996,0.9052583342880056,0.9076923076923077,1.0,0.8,0.9285714285714286,0.9333333333333333,0.9230769230769231,0.8666666666666667,0.3051489527161057,0.8918918918918919,0.8987341772151899,0.8934954855352866,5
E13_scaler_binary_train,7,4,72,"(384, 64)",0.3,0.001,0.001,0.0003,0.0001,binary_train,True,all,True,True,True,"(1.0, 1.5, 1.0)",0.9237472766884531,0.2869247392966197,0.9230769230769231,0.9259259259259259,0.9237472766884531,0.9250879839115134,0.9333333333333332,0.8888888888888888,1.0,0.8888888888888888,1.0,0.8,1.0,0.6824235950791558,0.8372093023255814,0.8396825396825397,0.8380587484035761,0.8362113516884968,0.8404304029304029,0.9285714285714286,0.7333333333333333,0.8571428571428571,0.8125,0.7857142857142857,0.9230769230769231,0.3051489527161057,0.8918918918918919,0.8987341772151899,0.8934954855352866,5
E13_scaler_binary_train,7,5,72,"(384, 64)",0.3,0.001,0.001,0.0003,0.0001,binary_train,True,all,True,True,True,"(1.0, 1.5, 1.0)",1.0,0.028451379102009993,1.0,1.0,1.0,1.0,1.0,1.0,1.0,1.0,1.0,1.0,1.0,0.9498249417127564,0.8372093023255814,0.8365079365079365,0.838966372892958,0.8403055671079573,0.8503734827264239,0.7857142857142857,0.8571428571428571,0.8666666666666667,0.9166666666666666,0.7058823529411765,0.9285714285714286,0.3051489527161057,0.8918918918918919,0.8987341772151899,0.8934954855352866,5
E13_scaler_binary_train,21,1,72,"(384, 64)",0.3,0.001,0.001,0.0003,0.0001,binary_train,True,all,True,True,True,"(1.0, 1.5, 1.0)",0.8472222222222222,0.4313047665816087,0.8461538461538461,0.8472222222222222,0.8472222222222222,0.8461538461538461,0.8472222222222222,0.8888888888888888,0.7777777777777778,0.875,0.8888888888888888,0.7777777777777778,0.875,0.31161897019906476,0.9090909090909091,0.9063492063492063,0.907051282051282,0.9084353146853147,0.9133986928104575,1.0,0.7857142857142857,0.9333333333333333,1.0,0.9166666666666666,0.8235294117647058,0.2578404267897477,0.9121621621621622,0.9182389937106918,0.9133038511147964,5
E13_scaler_binary_train,21,2,72,"(384, 64)",0.3,0.001,0.001,0.0003,0.0001,binary_train,True,all,True,True,True,"(1.0, 1.5, 1.0)",0.8884920634920634,0.2971688142189613,0.8846153846153846,0.8842592592592592,0.8884920634920634,0.8867673992673992,0.9166666666666666,0.875,1.0,0.7777777777777778,1.0,0.75,1.0,0.4372556174910346,0.8837209302325582,0.8809523809523809,0.8804012345679012,0.8817291128337639,0.8838612368024134,1.0,0.7857142857142857,0.8571428571428571,0.8823529411764706,0.8461538461538461,0.9230769230769231,0.2578404267897477,0.9121621621621622,0.9182389937106918,0.9133038511147964,5
E13_scaler_binary_train,21,3,72,"(384, 64)",0.3,0.001,0.001,0.0003,0.0001,binary_train,True,all,True,True,True,"(1.0, 1.5, 1.0)",0.8380952380952381,0.3612946432370406,0.8461538461538461,0.8379629629629629,0.8380952380952381,0.8428571428571429,0.8535353535353535,1.0,0.625,0.8888888888888888,1.0,0.8333333333333334,0.7272727272727273,0.4268197458843852,0.9302325581395349,0.9301587301587301,0.9306066569692821,0.9299698930037549,0.9361111111111112,1.0,0.9333333333333333,0.8571428571428571,0.9333333333333333,0.875,1.0,0.2578404267897477,0.9121621621621622,0.9182389937106918,0.9133038511147964,5
E13_scaler_binary_train,21,4,72,"(384, 64)",0.3,0.001,0.001,0.0003,0.0001,binary_train,True,all,True,True,True,"(1.0, 1.5, 1.0)",0.960233918128655,0.2858203248335765,0.9615384615384616,0.9583333333333334,0.960233918128655,0.9612685560053982,0.9666666666666667,1.0,0.875,1.0,1.0,1.0,0.9,0.7223803089108578,0.7906976744186046,0.792063492063492,0.7931623931623931,0.7917710196779965,0.7999999999999999,0.7857142857142857,0.7333333333333333,0.8571428571428571,0.9166666666666666,0.7333333333333333,0.75,0.2578404267897477,0.9121621621621622,0.9182389937106918,0.9133038511147964,5
E13_scaler_binary_train,21,5,72,"(384, 64)",0.3,0.001,0.001,0.0003,0.0001,binary_train,True,all,True,True,True,"(1.0, 1.5, 1.0)",0.754251012145749,0.49616047052236706,0.7692307692307693,0.7592592592592592,0.754251012145749,0.7595920274057926,0.7787878787878788,1.0,0.7777777777777778,0.5,0.9,0.6363636363636364,0.8,0.2981082090111666,0.9069767441860465,0.9063492063492063,0.9049656313282565,0.9049251702846136,0.9083333333333333,1.0,0.7857142857142857,0.9333333333333333,0.9333333333333333,0.9166666666666666,0.875,0.2578404267897477,0.9121621621621622,0.9182389937106918,0.9133038511147964,5
E13_scaler_binary_train,42,1,72,"(384, 64)",0.3,0.001,0.001,0.0003,0.0001,binary_train,True,all,True,True,True,"(1.0, 1.5, 1.0)",0.7992202729044834,0.6409690563495343,0.8076923076923077,0.8148148148148149,0.7992202729044834,0.7957714799820063,0.8111111111111112,1.0,0.5555555555555556,0.8888888888888888,0.8,0.8333333333333334,0.8,0.49803524667566473,0.8863636363636364,0.8825396825396826,0.8808080808080808,0.8826446280991735,0.8919191919191919,1.0,0.7142857142857143,0.9333333333333333,0.8333333333333334,0.9090909090909091,0.9333333333333333,0.17132803342128927,0.9391891891891891,0.9426751592356688,0.9418647503224618,5
E13_scaler_binary_train,42,2,72,"(384, 64)",0.3,0.001,0.001,0.0003,0.0001,binary_train,True,all,True,True,True,"(1.0, 1.5, 1.0)",0.8857142857142858,0.2895112713942161,0.8846153846153846,0.8888888888888888,0.8857142857142858,0.8813186813186813,0.9166666666666666,1.0,1.0,0.6666666666666666,1.0,0.75,1.0,0.34529992175656693,0.8604651162790697,0.8571428571428571,0.8521505376344086,0.8548387096774194,0.8674019607843136,1.0,0.6428571428571429,0.9285714285714286,0.9375,0.9,0.7647058823529411,0.17132803342128927,0.9391891891891891,0.9426751592356688,0.9418647503224618,5
E13_scaler_binary_train,42,3,72,"(384, 64)",0.3,0.001,0.001,0.0003,0.0001,binary_train,True,all,True,True,True,"(1.0, 1.5, 1.0)",0.8343915343915344,0.42799234275634473,0.8461538461538461,0.8379629629629629,0.8343915343915344,0.8390109890109889,0.8468013468013469,1.0,0.625,0.8888888888888888,0.8181818181818182,0.8333333333333334,0.8888888888888888,0.5053282671196516,0.813953488372093,0.8126984126984128,0.8144257703081234,0.8132694938440492,0.837593984962406,0.9285714285714286,0.8666666666666667,0.6428571428571429,0.9285714285714286,0.6842105263157895,0.9,0.17132803342128927,0.9391891891891891,0.9426751592356688,0.9418647503224618,5
E13_scaler_binary_train,42,4,72,"(384, 64)",0.3,0.001,0.001,0.0003,0.0001,binary_train,True,all,True,True,True,"(1.0, 1.5, 1.0)",0.8444272445820434,0.27406200078817516,0.8461538461538461,0.8425925925925926,0.8444272445820434,0.8480590616813527,0.85,0.8888888888888888,0.75,0.8888888888888888,1.0,0.75,0.8,0.48989702483942343,0.7441860465116279,0.7507936507936508,0.7355172413793104,0.7314354450681637,0.7444444444444445,0.9285714285714286,0.4666666666666667,0.8571428571428571,0.8666666666666667,0.7,0.6666666666666666,0.17132803342128927,0.9391891891891891,0.9426751592356688,0.9418647503224618,5
E13_scaler_binary_train,42,5,72,"(384, 64)",0.3,0.001,0.001,0.0003,0.0001,binary_train,True,all,True,True,True,"(1.0, 1.5, 1.0)",0.8343915343915344,0.5679490749652569,0.8461538461538461,0.8518518518518517,0.8343915343915344,0.8322954822954822,0.8727272727272727,1.0,0.5555555555555556,1.0,0.8181818181818182,1.0,0.8,0.43513863932254704,0.8604651162790697,0.8587301587301587,0.8578431372549019,0.8570451436388509,0.8789473684210526,1.0,0.6428571428571429,0.9333333333333333,1.0,0.9,0.7368421052631579,0.17132803342128927,0.9391891891891891,0.9426751592356688,0.9418647503224618,5
E13_scaler_multiclass_train,7,1,72,"(384, 64)",0.3,0.001,0.001,0.0003,0.0001,multiclass_train,True,all,True,True,True,"(1.0, 1.5, 1.0)",0.7581699346405228,0.8008516705953158,0.7692307692307693,0.7777777777777777,0.7581699346405228,0.7511312217194571,0.7851851851851852,0.8888888888888888,0.4444444444444444,1.0,0.6666666666666666,0.8,0.8888888888888888,0.4661640849980441,0.8181818181818182,0.8111111111111112,0.7991310160427808,0.8028302746718521,0.8313983488132095,1.0,0.5,0.9333333333333333,0.8823529411764706,0.875,0.7368421052631579,0.3051489527161057,0.8918918918918919,0.8987341772151899,0.8934954855352866,5
E13_scaler_multiclass_train,7,2,72,"(384, 64)",0.3,0.001,0.001,0.0003,0.0001,multiclass_train,True,all,True,True,True,"(1.0, 1.5, 1.0)",0.9211816305469557,0.31964195462373585,0.9230769230769231,0.9259259259259259,0.9211816305469557,0.9204125982376756,0.9296296296296296,1.0,0.7777777777777778,1.0,0.8888888888888888,1.0,0.9,0.25661401485287866,0.9534883720930233,0.953968253968254,0.953968253968254,0.9534883720930233,0.953968253968254,0.9333333333333333,0.9285714285714286,1.0,0.9333333333333333,0.9285714285714286,1.0,0.3051489527161057,0.8918918918918919,0.8987341772151899,0.8934954855352866,5
E13_scaler_multiclass_train,7,3,72,"(384, 64)",0.3,0.001,0.001,0.0003,0.0001,multiclass_train,True,all,True,True,True,"(1.0, 1.5, 1.0)",0.9172932330827067,0.2561654362540979,0.9230769230769231,0.9166666666666666,0.9172932330827067,0.9196067090803932,0.9333333333333332,1.0,0.75,1.0,0.9,1.0,0.9,0.2644416578980379,0.8837209302325582,0.8857142857142857,0.8834154351395731,0.8821170809943865,0.8825396825396825,1.0,0.8,0.8571428571428571,0.9333333333333333,0.8571428571428571,0.8571428571428571,0.3051489527161057,0.8918918918918919,0.8987341772151899,0.8934954855352866,5
E13_scaler_multiclass_train,7,4,72,"(384, 64)",0.3,0.001,0.001,0.0003,0.0001,multiclass_train,True,all,True,True,True,"(1.0, 1.5, 1.0)",0.9237472766884531,0.27925500388328844,0.9230769230769231,0.9259259259259259,0.9237472766884531,0.9250879839115134,0.9333333333333332,0.8888888888888888,1.0,0.8888888888888888,1.0,0.8,1.0,0.5568940396918807,0.8372093023255814,0.8396825396825397,0.8380587484035761,0.8362113516884968,0.8404304029304029,0.9285714285714286,0.7333333333333333,0.8571428571428571,0.8125,0.7857142857142857,0.9230769230769231,0.3051489527161057,0.8918918918918919,0.8987341772151899,0.8934954855352866,5
E13_scaler_multiclass_train,7,5,72,"(384, 64)",0.3,0.001,0.001,0.0003,0.0001,multiclass_train,True,all,True,True,True,"(1.0, 1.5, 1.0)",1.0,0.0343170532813439,1.0,1.0,1.0,1.0,1.0,1.0,1.0,1.0,1.0,1.0,1.0,0.9671711311783902,0.8604651162790697,0.8587301587301587,0.8589886198340037,0.8600173916158084,0.8638888888888889,0.7857142857142857,0.8571428571428571,0.9333333333333333,0.9166666666666666,0.8,0.875,0.3051489527161057,0.8918918918918919,0.8987341772151899,0.8934954855352866,5
E13_scaler_multiclass_train,21,1,72,"(384, 64)",0.3,0.001,0.001,0.0003,0.0001,multiclass_train,True,all,True,True,True,"(1.0, 1.5, 1.0)",0.8085769980506822,0.4063478639492622,0.8076923076923077,0.8055555555555555,0.8085769980506822,0.8089068825910932,0.8153439153439153,0.8888888888888888,0.7777777777777778,0.75,0.8888888888888888,0.7,0.8571428571428571,0.30951208688996057,0.9090909090909091,0.9063492063492063,0.907051282051282,0.9084353146853147,0.9133986928104575,1.0,0.7857142857142857,0.9333333333333333,1.0,0.9166666666666666,0.8235294117647058,0.2578404267897477,0.9121621621621622,0.9182389937106918,0.9133038511147964,5
E13_scaler_multiclass_train,21,2,72,"(384, 64)",0.3,0.001,0.001,0.0003,0.0001,multiclass_train,True,all,True,True,True,"(1.0, 1.5, 1.0)",0.8860939112487101,0.2749350002178779,0.8846153846153846,0.8888888888888888,0.8860939112487101,0.8839753512741129,0.8962962962962964,1.0,0.8888888888888888,0.7777777777777778,0.8888888888888888,0.8,1.0,0.44956770469976026,0.813953488372093,0.8095238095238094,0.8069444444444445,0.8099806201550387,0.8232843137254902,1.0,0.7857142857142857,0.6428571428571429,0.8823529411764706,0.6875,0.9,0.2578404267897477,0.9121621621621622,0.9182389937106918,0.9133038511147964,5
E13_scaler_multiclass_train,21,3,72,"(384, 64)",0.3,0.001,0.001,0.0003,0.0001,multiclass_train,True,all,True,True,True,"(1.0, 1.5, 1.0)",0.8011695906432749,0.3992780859653766,0.8076923076923077,0.8009259259259259,0.8011695906432749,0.8063427800269906,0.8047619047619049,1.0,0.625,0.7777777777777778,1.0,0.7142857142857143,0.7,0.46470001894374224,0.8837209302325582,0.8857142857142857,0.8832694763729246,0.8819745166176601,0.88507326007326,1.0,0.8,0.8571428571428571,0.875,0.8571428571428571,0.9230769230769231,0.2578404267897477,0.9121621621621622,0.9182389937106918,0.9133038511147964,5
E13_scaler_multiclass_train,21,4,72,"(384, 64)",0.3,0.001,0.001,0.0003,0.0001,multiclass_train,True,all,True,True,True,"(1.0, 1.5, 1.0)",0.9212962962962963,0.21382029469196612,0.9230769230769231,0.9212962962962963,0.9212962962962963,0.9230769230769231,0.9212962962962963,1.0,0.875,0.8888888888888888,1.0,0.875,0.8888888888888888,0.7010453107745148,0.813953488372093,0.8142857142857142,0.8179012345679012,0.8163221360895778,0.8250377073906486,0.8571428571428571,0.8,0.7857142857142857,0.9230769230769231,0.7058823529411765,0.8461538461538461,0.2578404267897477,0.9121621621621622,0.9182389937106918,0.9133038511147964,5
E13_scaler_multiclass_train,21,5,72,"(384, 64)",0.3,0.001,0.001,0.0003,0.0001,multiclass_train,True,all,True,True,True,"(1.0, 1.5, 1.0)",0.7994987468671679,0.523544925909776,0.8076923076923077,0.8009259259259259,0.7994987468671679,0.8027761711972238,0.8111111111111112,1.0,0.7777777777777778,0.625,0.9,0.7,0.8333333333333334,0.22782304536464604,0.9767441860465116,0.9761904761904763,0.9769016328156113,0.9766886165985941,0.9791666666666666,1.0,0.9285714285714286,1.0,1.0,1.0,0.9375,0.2578404267897477,0.9121621621621622,0.9182389937106918,0.9133038511147964,5
E13_scaler_multiclass_train,42,1,72,"(384, 64)",0.3,0.001,0.001,0.0003,0.0001,multiclass_train,True,all,True,True,True,"(1.0, 1.5, 1.0)",0.7992202729044834,0.6312362964336689,0.8076923076923077,0.8148148148148149,0.7992202729044834,0.7957714799820063,0.8111111111111112,1.0,0.5555555555555556,0.8888888888888888,0.8,0.8333333333333334,0.8,0.4757520258426666,0.8863636363636364,0.8841269841269841,0.8841590508257174,0.8857350561896017,0.8931623931623932,1.0,0.7857142857142857,0.8666666666666667,0.8333333333333334,0.8461538461538461,1.0,0.17132803342128927,0.9391891891891891,0.9426751592356688,0.9418647503224618,5
E13_scaler_multiclass_train,42,2,72,"(384, 64)",0.3,0.001,0.001,0.0003,0.0001,multiclass_train,True,all,True,True,True,"(1.0, 1.5, 1.0)",0.8857142857142858,0.2578219542136559,0.8846153846153846,0.8888888888888888,0.8857142857142858,0.8813186813186813,0.9166666666666666,1.0,1.0,0.6666666666666666,1.0,0.75,1.0,0.32336007058620453,0.8604651162790697,0.8571428571428571,0.8521505376344086,0.8548387096774194,0.8674019607843136,1.0,0.6428571428571429,0.9285714285714286,0.9375,0.9,0.7647058823529411,0.17132803342128927,0.9391891891891891,0.9426751592356688,0.9418647503224618,5
E13_scaler_multiclass_train,42,3,72,"(384, 64)",0.3,0.001,0.001,0.0003,0.0001,multiclass_train,True,all,True,True,True,"(1.0, 1.5, 1.0)",0.8343915343915344,0.4287886997828117,0.8461538461538461,0.8379629629629629,0.8343915343915344,0.8390109890109889,0.8468013468013469,1.0,0.625,0.8888888888888888,0.8181818181818182,0.8333333333333334,0.8888888888888888,0.38458603066067365,0.8837209302325582,0.8857142857142857,0.8834154351395731,0.8821170809943865,0.8825396825396825,1.0,0.8,0.8571428571428571,0.9333333333333333,0.8571428571428571,0.8571428571428571,0.17132803342128927,0.9391891891891891,0.9426751592356688,0.9418647503224618,5
E13_scaler_multiclass_train,42,4,72,"(384, 64)",0.3,0.001,0.001,0.0003,0.0001,multiclass_train,True,all,True,True,True,"(1.0, 1.5, 1.0)",0.8425925925925926,0.331794601220351,0.8461538461538461,0.8425925925925926,0.8425925925925926,0.8461538461538461,0.8425925925925926,1.0,0.75,0.7777777777777778,1.0,0.75,0.7777777777777778,0.49179547886515773,0.7674418604651163,0.7746031746031746,0.7555555555555555,0.7515503875968992,0.773148148148148,1.0,0.4666666666666667,0.8571428571428571,0.875,0.7777777777777778,0.6666666666666666,0.17132803342128927,0.9391891891891891,0.9426751592356688,0.9418647503224618,5
E13_scaler_multiclass_train,42,5,72,"(384, 64)",0.3,0.001,0.001,0.0003,0.0001,multiclass_train,True,all,True,True,True,"(1.0, 1.5, 1.0)",0.7992202729044834,0.5538431864518386,0.8076923076923077,0.8148148148148149,0.7992202729044834,0.7957714799820063,0.8111111111111112,0.8888888888888888,0.5555555555555556,1.0,0.8,0.8333333333333334,0.8,0.41511645913124084,0.8604651162790697,0.8603174603174604,0.860576923076923,0.85945885509839,0.8660130718954249,1.0,0.7142857142857143,0.8666666666666667,1.0,0.8333333333333334,0.7647058823529411,0.17132803342128927,0.9391891891891891,0.9426751592356688,0.9418647503224618,5
E13_scaler_none,7,1,72,"(384, 64)",0.3,0.001,0.001,0.0003,0.0001,none,True,all,True,True,True,"(1.0, 1.5, 1.0)",0.7041107041107041,0.6966816095205454,0.7307692307692307,0.7407407407407408,0.7041107041107041,0.6970038508500047,0.7388888888888889,0.8888888888888888,0.3333333333333333,1.0,0.6666666666666666,0.75,0.8,0.4719886806878177,0.7954545454545454,0.7857142857142857,0.7611771363893606,0.7665148942738077,0.8632246376811595,1.0,0.35714285714285715,1.0,0.9375,1.0,0.6521739130434783,0.2402536200510489,0.8986486486486487,0.9044585987261147,0.9009581721024507,5
E13_scaler_none,7,2,72,"(384, 64)",0.3,0.001,0.001,0.0003,0.0001,none,True,all,True,True,True,"(1.0, 1.5, 1.0)",0.8787524366471735,0.4019642575429036,0.8846153846153846,0.8888888888888888,0.8787524366471735,0.8783625730994152,0.9,1.0,0.6666666666666666,1.0,0.8,1.0,0.9,0.32955333451892055,0.8837209302325582,0.8809523809523809,0.879899869147181,0.8819427078991969,0.8802655677655679,1.0,0.7857142857142857,0.8571428571428571,0.9375,0.8461538461538461,0.8571428571428571,0.2402536200510489,0.8986486486486487,0.9044585987261147,0.9009581721024507,5
E13_scaler_none,7,3,72,"(384, 64)",0.3,0.001,0.001,0.0003,0.0001,none,True,all,True,True,True,"(1.0, 1.5, 1.0)",0.919047619047619,0.2505821402256305,0.9230769230769231,0.9166666666666666,0.919047619047619,0.9214285714285714,0.9393939393939394,1.0,0.75,1.0,0.8181818181818182,1.0,1.0,0.2882484253062758,0.8837209302325582,0.8857142857142857,0.8834154351395731,0.8821170809943865,0.8825396825396825,1.0,0.8,0.8571428571428571,0.9333333333333333,0.8571428571428571,0.8571428571428571,0.2402536200510489,0.8986486486486487,0.9044585987261147,0.9009581721024507,5
E13_scaler_none,7,4,72,"(384, 64)",0.3,0.001,0.001,0.0003,0.0001,none,True,all,True,True,True,"(1.0, 1.5, 1.0)",0.8845315904139434,0.23270205809519842,0.8846153846153846,0.8842592592592592,0.8845315904139434,0.8868778280542986,0.8888888888888888,0.8888888888888888,0.875,0.8888888888888888,1.0,0.7777777777777778,0.8888888888888888,0.7424854144107463,0.813953488372093,0.8174603174603176,0.8139614268646526,0.8116433870372355,0.8190045248868779,0.9285714285714286,0.6666666666666666,0.8571428571428571,0.7647058823529411,0.7692307692307693,0.9230769230769231,0.2402536200510489,0.8986486486486487,0.9044585987261147,0.9009581721024507,5
E13_scaler_none,7,5,72,"(384, 64)",0.3,0.001,0.001,0.0003,0.0001,none,True,all,True,True,True,"(1.0, 1.5, 1.0)",1.0,0.04601987394002768,1.0,1.0,1.0,1.0,1.0,1.0,1.0,1.0,1.0,1.0,1.0,0.7754994048628696,0.813953488372093,0.8126984126984128,0.8153846153846155,0.816577221228384,0.8236111111111111,0.7857142857142857,0.7857142857142857,0.8666666666666667,0.9166666666666666,0.6875,0.8666666666666667,0.2402536200510489,0.8986486486486487,0.9044585987261147,0.9009581721024507,5
E13_scaler_none,21,1,72,"(384, 64)",0.3,0.001,0.001,0.0003,0.0001,none,True,all,True,True,True,"(1.0, 1.5, 1.0)",0.8085769980506822,0.39015011947888595,0.8076923076923077,0.8055555555555555,0.8085769980506822,0.8089068825910932,0.8153439153439153,0.8888888888888888,0.7777777777777778,0.75,0.8888888888888888,0.7,0.8571428571428571,0.31130899624391034,0.8863636363636364,0.8857142857142857,0.8865900383141763,0.8879310344827587,0.888888888888889,0.9333333333333333,0.8571428571428571,0.8666666666666667,1.0,0.8,0.8666666666666667,0.21919501884966283,0.8986486486486487,0.9056603773584906,0.8996683250414593,5
E13_scaler_none,21,2,72,"(384, 64)",0.3,0.001,0.001,0.0003,0.0001,none,True,all,True,True,True,"(1.0, 1.5, 1.0)",0.9628482972136222,0.19593747304036066,0.9615384615384616,0.9629629629629629,0.9628482972136222,0.9614193855679923,0.9666666666666667,1.0,1.0,0.8888888888888888,1.0,0.9,1.0,0.36154369628706645,0.8837209302325582,0.880952380952381,0.8780172413793105,0.8794005613472333,0.8860368389780154,1.0,0.7142857142857143,0.9285714285714286,0.8823529411764706,0.9090909090909091,0.8666666666666667,0.21919501884966283,0.8986486486486487,0.9056603773584906,0.8996683250414593,5
E13_scaler_none,21,3,72,"(384, 64)",0.3,0.001,0.001,0.0003,0.0001,none,True,all,True,True,True,"(1.0, 1.5, 1.0)",0.8425925925925926,0.40524543477938724,0.8461538461538461,0.8425925925925926,0.8425925925925926,0.8461538461538461,0.8425925925925926,1.0,0.75,0.7777777777777778,1.0,0.75,0.7777777777777778,0.5044843706973764,0.8372093023255814,0.8380952380952381,0.8363138529990587,0.8348691947522691,0.8388888888888889,1.0,0.8,0.7142857142857143,0.9333333333333333,0.75,0.8333333333333334,0.21919501884966283,0.8986486486486487,0.9056603773584906,0.8996683250414593,5
E13_scaler_none,21,4,72,"(384, 64)",0.3,0.001,0.001,0.0003,0.0001,none,True,all,True,True,True,"(1.0, 1.5, 1.0)",0.9212962962962963,0.2742566752892274,0.9230769230769231,0.9212962962962963,0.9212962962962963,0.9230769230769231,0.9212962962962963,1.0,0.875,0.8888888888888888,1.0,0.875,0.8888888888888888,0.6746451341828634,0.813953488372093,0.8142857142857142,0.8179012345679012,0.8163221360895778,0.8250377073906486,0.8571428571428571,0.8,0.7857142857142857,0.9230769230769231,0.7058823529411765,0.8461538461538461,0.21919501884966283,0.8986486486486487,0.9056603773584906,0.8996683250414593,5
E13_scaler_none,21,5,72,"(384, 64)",0.3,0.001,0.001,0.0003,0.0001,none,True,all,True,True,True,"(1.0, 1.5, 1.0)",0.8417153996101364,0.4642290977331308,0.8461538461538461,0.8425925925925926,0.8417153996101364,0.8433198380566801,0.8449735449735449,1.0,0.7777777777777778,0.75,0.9,0.7777777777777778,0.8571428571428571,0.24591051250003104,0.9534883720930233,0.9523809523809524,0.9535256410256411,0.9531529516994632,0.9607843137254902,1.0,0.8571428571428571,1.0,1.0,1.0,0.8823529411764706,0.21919501884966283,0.8986486486486487,0.9056603773584906,0.8996683250414593,5
E13_scaler_none,42,1,72,"(384, 64)",0.3,0.001,0.001,0.0003,0.0001,none,True,all,True,True,True,"(1.0, 1.5, 1.0)",0.7177387914230019,0.6667323020788339,0.7307692307692307,0.736111111111111,0.7177387914230019,0.7154295996401259,0.7222222222222223,0.875,0.4444444444444444,0.8888888888888888,0.7,0.6666666666666666,0.8,0.6844190846789967,0.7727272727272727,0.773015873015873,0.7708333333333334,0.7727272727272727,0.8115468409586057,0.9333333333333333,0.7857142857142857,0.6,0.8235294117647058,0.6111111111111112,1.0,0.15262356330011342,0.9527027027027027,0.9548387096774194,0.9567901234567902,5
E13_scaler_none,42,2,72,"(384, 64)",0.3,0.001,0.001,0.0003,0.0001,none,True,all,True,True,True,"(1.0, 1.5, 1.0)",0.9249999999999999,0.22923065721988678,0.9230769230769231,0.9259259259259259,0.9249999999999999,0.9221153846153847,0.9393939393939394,1.0,1.0,0.7777777777777778,1.0,0.8181818181818182,1.0,0.37158134441043056,0.8372093023255814,0.834920634920635,0.8258234519104084,0.8283236817109415,0.8530214424951267,0.9333333333333333,0.5714285714285714,1.0,0.9333333333333333,0.8888888888888888,0.7368421052631579,0.15262356330011342,0.9527027027027027,0.9548387096774194,0.9567901234567902,5
E13_scaler_none,42,3,72,"(384, 64)",0.3,0.001,0.001,0.0003,0.0001,none,True,all,True,True,True,"(1.0, 1.5, 1.0)",0.8721997300944669,0.3942448588517996,0.8846153846153846,0.875,0.8721997300944669,0.8761600747430708,0.9060606060606061,1.0,0.625,1.0,0.8181818181818182,1.0,0.9,0.37735681062520937,0.7906976744186046,0.7904761904761904,0.7919480519480521,0.7904439746300213,0.8044733044733046,0.9285714285714286,0.8,0.6428571428571429,0.9285714285714286,0.6666666666666666,0.8181818181818182,0.15262356330011342,0.9527027027027027,0.9548387096774194,0.9567901234567902,5
E13_scaler_none,42,4,72,"(384, 64)",0.3,0.001,0.001,0.0003,0.0001,none,True,all,True,True,True,"(1.0, 1.5, 1.0)",0.8082788671023965,0.45048826703658473,0.8076923076923077,0.8055555555555555,0.8082788671023965,0.8122171945701357,0.8148148148148148,0.8888888888888888,0.75,0.7777777777777778,1.0,0.6666666666666666,0.7777777777777778,0.5045028218003207,0.7441860465116279,0.7507936507936508,0.734336917562724,0.7302825706426608,0.740686274509804,1.0,0.4666666666666667,0.7857142857142857,0.875,0.7,0.6470588235294118,0.15262356330011342,0.9527027027027027,0.9548387096774194,0.9567901234567902,5
E13_scaler_none,42,5,72,"(384, 64)",0.3,0.001,0.001,0.0003,0.0001,none,True,all,True,True,True,"(1.0, 1.5, 1.0)",0.7967320261437908,0.5729418901296762,0.8076923076923077,0.8101851851851851,0.7967320261437908,0.7957013574660633,0.8097643097643098,1.0,0.5555555555555556,0.875,0.8181818181818182,0.8333333333333334,0.7777777777777778,0.4592271197673886,0.8604651162790697,0.8619047619047618,0.8619047619047618,0.8604651162790697,0.8619047619047618,1.0,0.7857142857142857,0.8,1.0,0.7857142857142857,0.8,0.15262356330011342,0.9527027027027027,0.9548387096774194,0.9567901234567902,5
