,model,target_type,classes,n_classes,accuracy_cv_mean,accuracy_cv_std,accuracy_test_mean,accuracy_test_std,f1_macro_cv_mean,f1_macro_cv_std,f1_macro_test_mean,f1_macro_test_std,f1_weighted_cv_mean,f1_weighted_cv_std,f1_weighted_test_mean,f1_weighted_test_std,recall_macro_cv_mean,recall_macro_cv_std,recall_macro_test_mean,recall_macro_test_std,recall_weighted_cv_mean,recall_weighted_cv_std,recall_weighted_test_mean,recall_weighted_test_std,precision_macro_cv_mean,precision_macro_cv_std,precision_macro_test_mean,precision_macro_test_std,precision_weighted_cv_mean,precision_weighted_cv_std,precision_weighted_test_mean,precision_weighted_test_std,mae_cv_mean,mae_cv_std,mae_test_mean,mae_test_std,qwk_cv_mean,qwk_cv_std,qwk_test_mean,qwk_test_std,misclassification_disease_cost_mean_cv_mean,misclassification_disease_cost_mean_cv_std,misclassification_disease_cost_mean_test_mean,misclassification_disease_cost_mean_test_std,misclassification_disease_cost_total_cv_mean,misclassification_disease_cost_total_cv_std,misclassification_disease_cost_total_test_mean,misclassification_disease_cost_total_test_std,misclassification_disease_score_cv_mean,misclassification_disease_score_cv_std,misclassification_disease_score_test_mean,misclassification_disease_score_test_std,misclassification_disease_cost_mean_true_class_0_cv_mean,misclassification_disease_cost_mean_true_class_0_cv_std,misclassification_disease_cost_mean_true_class_0_test_mean,misclassification_disease_cost_mean_true_class_0_test_std,misclassification_disease_cost_mean_true_class_1_cv_mean,misclassification_disease_cost_mean_true_class_1_cv_std,misclassification_disease_cost_mean_true_class_1_test_mean,misclassification_disease_cost_mean_true_class_1_test_std,misclassification_disease_cost_mean_true_class_2_cv_mean,misclassification_disease_cost_mean_true_class_2_cv_std,misclassification_disease_cost_mean_true_class_2_test_mean,misclassification_disease_cost_mean_true_class_2_test_std,auc_ovr_macro_cv_mean,auc_ovr_macro_cv_std,auc_ovr_macro_test_mean,auc_ovr_macro_test_std,auc_ovr_weighted_cv_mean,auc_ovr_weighted_cv_std,auc_ovr_weighted_test_mean,auc_ovr_weighted_test_std,precision_class_0_cv_mean,precision_class_0_cv_std,precision_class_0_test_mean,precision_class_0_test_std,recall_class_0_cv_mean,recall_class_0_cv_std,recall_class_0_test_mean,recall_class_0_test_std,f1_class_0_cv_mean,f1_class_0_cv_std,f1_class_0_test_mean,f1_class_0_test_std,support_class_0_cv_mean,support_class_0_cv_std,support_class_0_test_mean,support_class_0_test_std,precision_class_1_cv_mean,precision_class_1_cv_std,precision_class_1_test_mean,precision_class_1_test_std,recall_class_1_cv_mean,recall_class_1_cv_std,recall_class_1_test_mean,recall_class_1_test_std,f1_class_1_cv_mean,f1_class_1_cv_std,f1_class_1_test_mean,f1_class_1_test_std,support_class_1_cv_mean,support_class_1_cv_std,support_class_1_test_mean,support_class_1_test_std,precision_class_2_cv_mean,precision_class_2_cv_std,precision_class_2_test_mean,precision_class_2_test_std,recall_class_2_cv_mean,recall_class_2_cv_std,recall_class_2_test_mean,recall_class_2_test_std,f1_class_2_cv_mean,f1_class_2_cv_std,f1_class_2_test_mean,f1_class_2_test_std,support_class_2_cv_mean,support_class_2_cv_std,support_class_2_test_mean,support_class_2_test_std,conf_0_to_1_cv_mean,conf_0_to_1_cv_std,conf_0_to_1_test_mean,conf_0_to_1_test_std,conf_0_to_2_cv_mean,conf_0_to_2_cv_std,conf_0_to_2_test_mean,conf_0_to_2_test_std,conf_0_to_1_given_error_cv_mean,conf_0_to_1_given_error_cv_std,conf_0_to_1_given_error_test_mean,conf_0_to_1_given_error_test_std,conf_0_to_2_given_error_cv_mean,conf_0_to_2_given_error_cv_std,conf_0_to_2_given_error_test_mean,conf_0_to_2_given_error_test_std,conf_1_to_0_cv_mean,conf_1_to_0_cv_std,conf_1_to_0_test_mean,conf_1_to_0_test_std,conf_1_to_2_cv_mean,conf_1_to_2_cv_std,conf_1_to_2_test_mean,conf_1_to_2_test_std,conf_1_to_0_given_error_cv_mean,conf_1_to_0_given_error_cv_std,conf_1_to_0_given_error_test_mean,conf_1_to_0_given_error_test_std,conf_1_to_2_given_error_cv_mean,conf_1_to_2_given_error_cv_std,conf_1_to_2_given_error_test_mean,conf_1_to_2_given_error_test_std,conf_2_to_0_cv_mean,conf_2_to_0_cv_std,conf_2_to_0_test_mean,conf_2_to_0_test_std,conf_2_to_1_cv_mean,conf_2_to_1_cv_std,conf_2_to_1_test_mean,conf_2_to_1_test_std,conf_2_to_0_given_error_cv_mean,conf_2_to_0_given_error_cv_std,conf_2_to_0_given_error_test_mean,conf_2_to_0_given_error_test_std,conf_2_to_1_given_error_cv_mean,conf_2_to_1_given_error_cv_std,conf_2_to_1_given_error_test_mean,conf_2_to_1_given_error_test_std
0,decision_tree,multiclass,"[np.int64(0), np.int64(1), np.int64(2)]",3,0.8124607329842931,0.010740572524355486,0.810989010989011,0.02491560623332786,0.626065167868632,0.02073209851797679,0.6077543723526541,0.0497417894507636,0.8123452705997771,0.010653712722012123,0.8126845369936124,0.02358634371871898,0.6314643410852713,0.022770008377692948,0.6143769509623167,0.05867672601152258,0.8124607329842931,0.010740572524355486,0.810989010989011,0.02491560623332786,0.6306646038870696,0.021488793163196757,0.6050356460902403,0.04502179699302148,0.8147181444261019,0.010674830667919584,0.81556869005999,0.022052196876024107,0.18921465968586387,0.011054713430129781,0.18937728937728937,0.025380970913003405,0.6765064601528745,0.02011740977965226,0.6850000943208905,0.04169653988349536,0.5249214659685865,0.037519948003390584,0.5212454212454213,0.06692267482239732,100.26,7.166310068647604,142.3,18.26989022651447,-0.5249214659685865,0.037519948003390584,-0.5212454212454213,0.06692267482239732,0.17732558139534885,0.023153846222953342,0.16178861788617888,0.05780050092883333,0.7197000000000001,0.06782993439477882,0.7363636363636363,0.1110619263996022,2.6079999999999997,0.23251284313392706,2.442857142857143,0.5364280958719597,0.7573029689198856,0.013536531619556558,0.7492356446862223,0.032207053945041454,0.82471239513175,0.010601859115674515,0.8261415076151918,0.023273442199601688,0.8396140896155059,0.014210087859345992,0.8415471663619691,0.020725697725549618,0.8320930232558139,0.01829687280257762,0.8455284552845528,0.044858930507444036,0.834795387989862,0.012417803641323534,0.8430444998587644,0.02808206343613896,86.0,0.0,123.0,0.0,0.8225521607181416,0.014249332854623827,0.8259193567683367,0.029232451323326806,0.8243,0.011963370019447792,0.8118881118881118,0.03117797310652253,0.8226162393615697,0.009549377850820212,0.8184329029134837,0.023489752443763355,100.0,0.0,143.0,0.0,0.22982756132756138,0.062410614924761604,0.14764041514041512,0.12731351527336637,0.238,0.06356099432828283,0.1857142857142857,0.1788093652906532,0.2207838762544645,0.057180309109916755,0.16178571428571428,0.1457137777941834,5.0,0.0,7.0,0.0,0.16686046511627906,0.0180492851967055,0.15365853658536582,0.043940897872677076,0.0010465116279069768,0.0011563127046648291,0.0008130081300813009,0.0025709574472913654,0.9944246031746033,0.006097840558100806,0.9960000000000001,0.012649110640673528,0.005575396825396825,0.006097840558100815,0.004,0.012649110640673518,0.13599999999999998,0.014189197769195168,0.13706293706293707,0.020374613877307372,0.039700000000000006,0.005945119380167605,0.051048951048951054,0.014388157913296938,0.7740571492184698,0.04248753864779428,0.7313611203611203,0.04573045581177055,0.22594285078153026,0.042487538647794254,0.26863887963887956,0.045730455811770515,0.046,0.026749870196985173,0.0,0.0,0.716,0.0747142705393168,0.8142857142857143,0.17880936529065322,0.06799999999999999,0.040671827237833774,0.0,0.0,0.932,0.04067182723783376,1.0,0.0
1,random_forest,multiclass,"[np.int64(0), np.int64(1), np.int64(2)]",3,0.8891099476439791,0.006533673413918356,0.8985347985347986,0.012576905281385194,0.6008404034619172,0.004448751950167058,0.6071001058176907,0.008544281742495365,0.877342011150736,0.006468567116718366,0.8868758574003974,0.012397691357543612,0.6082348837209304,0.004410098117584972,0.6148520855837929,0.008830660080083038,0.8891099476439791,0.006533673413918356,0.8985347985347986,0.012576905281385194,0.594343455346771,0.004536861473378821,0.5997783045185624,0.00834998693995636,0.8669183848125206,0.00644883883551038,0.8758571268363408,0.012231540052976322,0.11089005235602092,0.0065336734139183755,0.10146520146520147,0.01257690528138519,0.7963488449571965,0.01189741202203953,0.8137724932407355,0.023210919044078383,0.32848167539267015,0.02585631305911947,0.31831501831501835,0.04178072783182086,62.739999999999995,4.938555794291824,86.9,11.406138698087098,-0.32848167539267015,0.02585631305911947,-0.31831501831501835,0.04178072783182086,0.0963953488372093,0.008027093416188506,0.07642276422764227,0.022738403212361008,0.39449999999999996,0.04810001155001017,0.3951048951048951,0.07913401024134245,3.0,0.0,3.0,0.0,0.9525800310425592,0.006572780692681917,0.9432566578798717,0.010957842467868932,0.9573572427684909,0.005246918679575403,0.9553155394826882,0.007883496185429077,0.9086875074885616,0.010161692845269469,0.9097948506071114,0.016679191635011196,0.9036046511627909,0.008027093416188508,0.9235772357723577,0.022738403212360998,0.9056997791989005,0.0071130672268698595,0.9164418162740378,0.014102984855822384,86.0,0.0,123.0,0.0,0.8743428585517513,0.005876501191602859,0.8895400629485755,0.016699526244548964,0.9210999999999998,0.009620002310002073,0.920979020979021,0.015826802048268505,0.8968214311868513,0.006297080921504973,0.904858501179034,0.011645507075841513,100.0,0.0,143.0,0.0,0.0,0.0,0.0,0.0,0.0,0.0,0.0,0.0,0.0,0.0,0.0,0.0,5.0,0.0,7.0,0.0,0.0963953488372093,0.008027093416188506,0.07642276422764227,0.022738403212361008,0.0,0.0,0.0,0.0,1.0,0.0,1.0,0.0,0.0,0.0,0.0,0.0,0.0789,0.00962000231000203,0.07902097902097902,0.01582680204826849,0.0,0.0,0.0,0.0,1.0,0.0,1.0,0.0,0.0,0.0,0.0,0.0,0.0,0.0,0.0,0.0,1.0,0.0,1.0,0.0,0.0,0.0,0.0,0.0,1.0,0.0,1.0,0.0
2,extra_trees,multiclass,"[np.int64(0), np.int64(1), np.int64(2)]",3,0.8894240837696336,0.007693940496443081,0.8985347985347986,0.013156252744372134,0.6010499364586356,0.005243860402248323,0.6070880340381819,0.008950326258716838,0.8776493399812567,0.007613851091721089,0.8868275642814112,0.01296310249098958,0.6084348837209302,0.005264651570916889,0.615117402922281,0.009427759988265517,0.8894240837696336,0.007693940496443081,0.8985347985347986,0.013156252744372134,0.5945970066338208,0.0052479273172506705,0.5996614749777229,0.00846628368971689,0.8672700264428498,0.007529837752994056,0.8759923567144074,0.012585883398590628,0.11057591623036649,0.007693940496443079,0.10146520146520148,0.013156252744372137,0.7969006307116241,0.014093915587345298,0.8140113855675398,0.024472511786810307,0.3269109947643979,0.028848331184361364,0.32857142857142857,0.044830868513910514,62.44000000000001,5.510031256213021,89.7,12.238827104297572,-0.3269109947643979,0.028848331184361364,-0.32857142857142857,0.044830868513910514,0.09639534883720931,0.01109163908828645,0.07073170731707316,0.029450900784600886,0.3915,0.053854227111507016,0.4195804195804196,0.09177165354326121,3.0,0.0,3.0,0.0,0.9551521302486794,0.0055051851072298475,0.9461705247870802,0.012659969819850977,0.9589516543525157,0.0053484307938688426,0.9571894493913001,0.00810447410163528,0.9093233528258515,0.01130561662124977,0.9054429691204964,0.018106439451235558,0.9036046511627907,0.011091639088286502,0.9292682926829269,0.029450900784600893,0.9059969286550451,0.00853584000214987,0.916842077677741,0.01514459037020882,86.0,0.0,123.0,0.0,0.8744676670756109,0.008046945293565316,0.8935414558126725,0.021035497362778287,0.9217000000000001,0.010770845422301374,0.916083916083916,0.018354330708652253,0.8971528807208614,0.0072802814754482584,0.9044220244368049,0.01192922041189516,100.0,0.0,143.0,0.0,0.0,0.0,0.0,0.0,0.0,0.0,0.0,0.0,0.0,0.0,0.0,0.0,5.0,0.0,7.0,0.0,0.09639534883720931,0.01109163908828645,0.07073170731707316,0.029450900784600886,0.0,0.0,0.0,0.0,1.0,0.0,1.0,0.0,0.0,0.0,0.0,0.0,0.0783,0.010770845422301402,0.08391608391608392,0.01835433070865224,0.0,0.0,0.0,0.0,1.0,0.0,1.0,0.0,0.0,0.0,0.0,0.0,0.0,0.0,0.0,0.0,1.0,0.0,1.0,0.0,0.0,0.0,0.0,0.0,1.0,0.0,1.0,0.0
3,xgboost,multiclass,"[np.int64(0), np.int64(1), np.int64(2)]",3,0.8956020942408378,0.007723178602967847,0.8974358974358975,0.012210012210012203,0.689922123048811,0.04698238292636384,0.7256048456106818,0.059009868414906144,0.8884079929966389,0.009035414413711558,0.8921320911273227,0.013188927109917212,0.6706596899224807,0.03452008467281853,0.6918626089357797,0.04818848165607261,0.8956020942408378,0.007723178602967847,0.8974358974358975,0.012210012210012203,0.7780892594070121,0.08296243757659859,0.9013630084106914,0.07669781990539364,0.8876922353343548,0.012354432752269497,0.8990062476847662,0.014894623265515916,0.10445026178010472,0.007762710773572156,0.10256410256410257,0.012210012210012205,0.8127321892577715,0.014804601879208026,0.817239180777548,0.022386021798973095,0.3506282722513089,0.03060432231374068,0.35970695970695965,0.03829352608975588,66.97,5.845425561924468,98.2,10.454132622503355,-0.3506282722513089,0.03060432231374068,-0.35970695970695965,0.03829352608975588,0.06872093023255814,0.00573460058692783,0.06097560975609756,0.02689625100444337,0.4869,0.05226524232753116,0.5230769230769231,0.08005898684392866,2.474,0.3129856226729911,2.2714285714285714,0.40657855630736317,0.9392130784527634,0.006207507704180566,0.9323091047477906,0.024093869675767814,0.9561337562398193,0.005234978689425627,0.9547368265690995,0.007524902162708408,0.8927424433268001,0.010645937209315037,0.8861345828456095,0.01377950569151089,0.9312790697674419,0.005734600586927809,0.9390243902439023,0.026896251004443383,0.9111845191541633,0.007056187199965724,0.9114895813298574,0.010601170192462405,86.0,0.0,123.0,0.0,0.9006920015609028,0.00714199649634494,0.909621109053132,0.022790298412852017,0.9007,0.010625441167311615,0.8937062937062936,0.015391677407197359,0.9003278817383013,0.007515076796106359,0.9013350565122893,0.010888580703813945,100.0,0.0,143.0,0.0,0.5408333333333333,0.23864490124217796,0.9083333333333334,0.21677347794585192,0.18,0.10022197585581939,0.2428571428571428,0.13552618543578768,0.2582539682539683,0.13471997216252274,0.363989898989899,0.16420348476738883,5.0,0.0,7.0,0.0,0.06872093023255814,0.00573460058692783,0.06097560975609756,0.02689625100444337,0.0,0.0,0.0,0.0,1.0,0.0,1.0,0.0,0.0,0.0,0.0,0.0,0.0969,0.010418466511173537,0.10419580419580421,0.016300357796780504,0.0024000000000000002,0.000966091783079296,0.002097902097902098,0.00471991998398988,0.9787054750804751,0.00927139643272442,0.9798076923076924,0.044051569355201714,0.021294524919524917,0.00927139643272443,0.020192307692307693,0.04405156935520172,0.002,0.006324555320336759,0.0,0.0,0.818,0.09908470001860926,0.757142857142857,0.13552618543578768,0.0025,0.007905694150420948,0.0,0.0,0.9974999999999999,0.007905694150420955,1.0,0.0
4,adaboost,multiclass,"[np.int64(0), np.int64(1), np.int64(2)]",3,0.8640314136125655,0.012850769668219818,0.8663003663003662,0.019932634575475585,0.7005207109411776,0.0274446094520604,0.7068896832496157,0.04334660967382931,0.8603452832680984,0.01263598974415311,0.865284036800715,0.019562529685849456,0.6810984496124031,0.024913488933510693,0.7012112548697915,0.04766721645178228,0.8640314136125655,0.012850769668219818,0.8663003663003662,0.019932634575475585,0.7747458106099907,0.05671199494378844,0.7358888934029422,0.07473294881568726,0.8632818434792743,0.012556886907952156,0.867045253076026,0.018710986502682495,0.13612565445026178,0.012954515574098168,0.1336996336996337,0.019932634575475592,0.7601055378797269,0.021959655905659972,0.7712905258625546,0.03442416859108559,0.37654450261780104,0.041993605085034684,0.37252747252747254,0.047101220038844406,71.91999999999999,8.020778571241628,101.7,12.85863307060453,-0.37654450261780104,0.041993605085034684,-0.37252747252747254,0.047101220038844406,0.1336046511627907,0.018511150708663705,0.11544715447154472,0.042470543141809716,0.4951,0.07676001563314068,0.5153846153846154,0.0953747485594391,2.184,0.20457000974944717,1.9714285714285715,0.4140393356054126,0.9191489345321677,0.0068000377888630045,0.9077746500504332,0.021327959248179075,0.9104745705513313,0.009360565281947045,0.9003704838314439,0.021043361852884097,0.8866543627468451,0.01613588325682351,0.8864109637672627,0.02037397224711788,0.8663953488372093,0.01851115070866372,0.8845528455284553,0.04247054314180972,0.8751344289117364,0.01347486627946731,0.884905687623581,0.02338114252657807,86.0,0.0,123.0,0.0,0.8573330690831276,0.013006268755111407,0.8707795259653736,0.03233347397214024,0.8909,0.01646848842824111,0.8762237762237761,0.023087516110796076,0.8729710494551417,0.011885225147727684,0.8730058745148372,0.01769770073108557,100.0,0.0,143.0,0.0,0.5802499999999999,0.1626896092275634,0.4504761904761905,0.23216096795450392,0.28600000000000003,0.07306009702825324,0.3428571428571428,0.13801311186847084,0.35345665445665453,0.07430257068870305,0.3627574876104288,0.12232987549382554,5.0,0.0,7.0,0.0,0.1336046511627907,0.018511150708663705,0.11544715447154472,0.042470543141809716,0.0,0.0,0.0,0.0,1.0,0.0,1.0,0.0,0.0,0.0,0.0,0.0,0.0965,0.015400216448695355,0.0979020979020979,0.01922193764856718,0.0126,0.007198765326236315,0.025874125874125874,0.01547968085397109,0.8838171390013496,0.06266020945107502,0.7935250336179129,0.11705359062615013,0.11618286099865047,0.06266020945107502,0.20647496638208712,0.11705359062615013,0.006,0.013498971154211059,0.0,0.0,0.708,0.07899367063252599,0.657142857142857,0.13801311186847084,0.007833333333333333,0.01882423575744449,0.0,0.0,0.9921666666666666,0.01882423575744449,1.0,0.0
5,svm,multiclass,"[np.int64(0), np.int64(1), np.int64(2)]",3,0.692303664921466,0.018242231532808597,0.7095238095238096,0.016923094542132984,0.5797983410399541,0.019543785758760396,0.5830347396317765,0.017826671132962137,0.6787193414258346,0.0225360441380612,0.7035300493262082,0.019956919576279233,0.6866914728682171,0.02640502308670482,0.6770511331486941,0.04159694111801298,0.692303664921466,0.018242231532808597,0.7095238095238096,0.016923094542132984,0.6080435526436408,0.012532042315863653,0.5992456891465332,0.014500120410563387,0.7834489329561416,0.00911391015012898,0.7840315546115224,0.014604947101663872,0.312303664921466,0.01836072232716474,0.2956043956043956,0.016745977217087843,0.5430669380094533,0.02213595270087536,0.5621418224285881,0.020206828608342563,1.310523560209424,0.08241910544252122,1.1908424908424908,0.07351299442421924,250.31,15.742049139521553,325.1,20.06904747781186,-1.310523560209424,0.08241910544252122,-1.1908424908424908,0.07351299442421924,0.10558139534883719,0.027158348013730984,0.13577235772357724,0.06356154663788645,2.3448,0.1572978773608285,2.083916083916084,0.1659765325773231,1.35,0.3360224860200745,1.4857142857142858,0.5839889415907006,0.9046790090379737,0.010623560797749987,0.9041195723007005,0.01687797890475999,0.9070366009602624,0.0051132787030240216,0.9134461371800875,0.009926392814703967,0.6485226519362888,0.015245451235488984,0.6726828789973178,0.017341041419770074,0.9676744186046511,0.0056381694716180816,0.9520325203252031,0.012389300217520284,0.7762857784264843,0.00995387631004755,0.7881587097475833,0.011058278857487924,86.0,0.0,123.0,0.0,0.9261869273487269,0.013344359469351367,0.9075385365674963,0.022424423484722216,0.4584,0.03896494150729174,0.5076923076923076,0.04093548050072762,0.611150221517788,0.03542826633697961,0.6499526735519696,0.0313367531183479,100.0,0.0,143.0,0.0,0.249421078645907,0.02690889039471306,0.217515651874785,0.03846129585162145,0.6339999999999999,0.08643558937793572,0.5714285714285714,0.13468700594029476,0.35195902317558997,0.031846271661589924,0.31099283559577684,0.04307351278969169,5.0,0.0,7.0,0.0,0.024186046511627906,0.0053370277451344214,0.03821138211382114,0.011529564978960785,0.00813953488372093,0.0027407239580873933,0.009756097560975611,0.006413094615826143,0.6931031746031746,0.1362529017584262,0.7923809523809524,0.13513428462208435,0.2468968253968254,0.1053228159784653,0.20761904761904765,0.13513428462208432,0.4507999999999999,0.03067318771247038,0.3979020979020979,0.03254232869518183,0.09079999999999999,0.02040588150509553,0.0944055944055944,0.022418862542740496,0.8335902885686017,0.030119972399068277,0.8090560242620558,0.03712232040283858,0.16640971143139818,0.030119972399068277,0.1909439757379443,0.03712232040283858,0.036000000000000004,0.03747591819348053,0.02857142857142857,0.06023386019368342,0.33000000000000007,0.09988882709181131,0.39999999999999997,0.14754222271266348,0.09866666666666667,0.09940812496291224,0.06666666666666667,0.1405456737852613,0.8213333333333332,0.15530296953271377,0.9333333333333332,0.1405456737852613
6,logistic_regression,multiclass,"[np.int64(0), np.int64(1), np.int64(2)]",3,0.8607853403141362,0.008146368050192669,0.8545787545787545,0.022780754816841792,0.691130127907434,0.02844202598158754,0.6797510520914816,0.05153788740394998,0.8583894726498211,0.00859981784701999,0.8531281552038313,0.022059223234189518,0.6847379844961239,0.026933793364591428,0.6772666358032212,0.04403416313714992,0.8607853403141362,0.008146368050192669,0.8545787545787545,0.022780754816841792,0.7206941358376348,0.03642262473256492,0.6886085106445041,0.06273921458459389,0.8609985339019062,0.00884966689985153,0.8562359349590054,0.02079505295717131,0.14083769633507853,0.008193155039654799,0.147985347985348,0.02337188984421079,0.7548922824596597,0.014552414113319215,0.7418045231527882,0.0394297236697784,0.48900523560209425,0.045030912802178025,0.5172161172161172,0.09528191596981005,93.4,8.600904345216001,141.2,26.01196305975814,-0.48900523560209425,0.045030912802178025,-0.5172161172161172,0.09528191596981005,0.1105813953488372,0.028155920230029066,0.13170731707317074,0.07796216211321116,0.7326,0.08152191252799595,0.7692307692307692,0.19114219114219114,2.126,0.24350222449360348,2.142857142857143,0.4040610178208843,0.8986033826222123,0.007975718658016754,0.8942714217730652,0.016952826247310784,0.9286235290915243,0.007529872686647557,0.9249701260759677,0.009596750307006765,0.8485814159746752,0.01463541351287875,0.8428098189119655,0.0323932720502981,0.9208139534883722,0.006610771630027652,0.9195121951219513,0.03783376425537399,0.8827016967706436,0.007599642805217162,0.8787777651469982,0.022866058330402558,86.0,0.0,123.0,0.0,0.8937390867763246,0.004813392607588181,0.8935712685771022,0.026110075215513145,0.8374,0.016290419815884992,0.8265734265734265,0.04257510510706154,0.8640694728324441,0.009328117232457078,0.8580220111740664,0.024507715796883822,100.0,0.0,143.0,0.0,0.4197619047619048,0.10239565539803949,0.32944444444444443,0.18486005093360475,0.29600000000000004,0.07876829593462363,0.2857142857142857,0.13468700594029476,0.3266192141192141,0.0813759258884891,0.30245337995337995,0.15232207428124292,5.0,0.0,7.0,0.0,0.07569767441860464,0.005965719428936415,0.07479674796747968,0.03487416356020685,0.0034883720930232558,0.0027407239580873933,0.005691056910569106,0.005487386648053276,0.9546030636030636,0.036901429193721774,0.9374729437229437,0.06745506636082121,0.04539693639693639,0.0369014291937218,0.06252705627705628,0.06745506636082123,0.1425,0.01641983894900041,0.14895104895104894,0.037448696891993385,0.0201,0.004280446497997871,0.02447552447552448,0.011999568928889278,0.8772406597253892,0.02989482185658371,0.8596739779828015,0.05211693242747604,0.12275934027461093,0.029894821856583702,0.1403260220171985,0.05211693242747605,0.002,0.00632455532033676,0.0,0.0,0.702,0.0785705627657925,0.7142857142857143,0.13468700594029476,0.002,0.00632455532033676,0.0,0.0,0.998,0.006324555320336729,1.0,0.0
7,knn,multiclass,"[np.int64(0), np.int64(1), np.int64(2)]",3,0.676282722513089,0.015895799170301095,0.6956043956043956,0.02770623695434594,0.5270443171211544,0.039929860614708386,0.5470570157343922,0.08477885522689839,0.6539994572025599,0.018843625179461143,0.6771106353898301,0.034759979795706324,0.5280945736434108,0.030045812025358967,0.541500504915139,0.05815206629219525,0.676282722513089,0.015895799170301095,0.6956043956043956,0.02770623695434594,0.6510082772622325,0.07322358539747387,0.682443010423668,0.15410032709969376,0.7348954117595656,0.013744755316705383,0.7531008146495431,0.02559421236434121,0.32722513089005234,0.016289370875501592,0.31025641025641026,0.02719572943156074,0.43939244989815684,0.026138512850327825,0.4570897206184563,0.04697555609750538,1.503350785340314,0.08745291074699924,1.431868131868132,0.14662643682331794,287.14,16.703505952676856,390.9,40.0290172527658,-1.503350785340314,0.08745291074699924,-1.431868131868132,0.14662643682331794,0.057441860465116276,0.021414158679144524,0.05284552845528456,0.028228545604335575,2.6552,0.17358494558380735,2.4930069930069925,0.28081081126239527,3.336,0.4049471844848687,3.9857142857142853,1.1941846999127348,0.7613228441267826,0.013005319856337568,0.7765688419150167,0.026880179219682405,0.7857053459685617,0.013497557833300242,0.8053066768075443,0.02130766414239259,0.604759014232817,0.015737588882462544,0.6185764536214122,0.024857349611460418,0.9498837209302327,0.012176342863163058,0.954471544715447,0.01846003942105844,0.7385058107385667,0.011170123420033574,0.7502572588759764,0.016722188574321572,86.0,0.0,123.0,0.0,0.8590991508872146,0.015675308448558238,0.8787525776495917,0.021745829512439255,0.4664,0.03497046372774222,0.4986013986013987,0.05604594451334238,0.601992219989976,0.028573726709021564,0.6348026772160891,0.047065563175417116,100.0,0.0,143.0,0.0,0.4891666666666666,0.21227929715353777,0.55,0.44479153113884656,0.168,0.09715966241192897,0.17142857142857143,0.14754222271266348,0.2406349206349206,0.1264690280265117,0.2561111111111111,0.21370161755192044,5.0,0.0,7.0,0.0,0.04930232558139534,0.011617566461602627,0.04471544715447155,0.01887315484713295,0.0008139534883720931,0.0014554250663192704,0.0008130081300813009,0.0025709574472913654,0.9649047619047619,0.04285555552615998,0.9800000000000001,0.06324555320336758,0.015095238095238096,0.02701333619857931,0.02,0.06324555320336758,0.5304,0.03466730768638117,0.49790209790209783,0.0562153484195165,0.0032,0.0022010098692292236,0.003496503496503497,0.003685638298564545,0.9940100845094468,0.004108907218347494,0.9928688068931972,0.007697657611806596,0.00598991549055311,0.0041089072183475,0.007131193106802862,0.007697657611806613,0.12000000000000002,0.06394442031083626,0.21428571428571427,0.1813279310919978,0.7120000000000001,0.13894843168120563,0.6142857142857142,0.2697945804612437,0.15266666666666667,0.09619681471074719,0.2795238095238095,0.25984325759680305,0.8473333333333333,0.09619681471074722,0.7204761904761905,0.259843257596803
8,gaussian_nb,multiclass,"[np.int64(0), np.int64(1), np.int64(2)]",3,0.6992146596858639,0.014516146771687726,0.6315018315018314,0.048108067901029665,0.5276876377001825,0.005422530896932232,0.499123354889762,0.03057495216288389,0.7488709944962089,0.012982256828367714,0.6940690422303568,0.044870863683870325,0.5311643410852713,0.025070562651416918,0.5376390547122254,0.06445434343883066,0.6992146596858639,0.014516146771687726,0.6315018315018314,0.048108067901029665,0.5723170283676724,0.006333080856542969,0.5772216603079559,0.017334189716053338,0.8251323213575666,0.007892880152170488,0.8283670627637484,0.0261682255264647,0.32136125654450265,0.014361209780937108,0.39560439560439564,0.05254562830610504,0.5901260315521075,0.01562115286708227,0.5721900214987533,0.030484686697020615,0.7455497382198953,0.0424510877361557,0.8652014652014651,0.10967010944944747,142.4,8.108157757605749,236.2,29.93993987969916,-0.7455497382198953,0.0424510877361557,-0.8652014652014651,0.10967010944944747,0.557093023255814,0.10156584591498709,0.6544715447154472,0.20894467115278695,0.8154,0.09517959631956603,0.9762237762237762,0.15218428541242454,2.59,0.28019834244890024,2.3,0.7980986475663052,0.7247087963382788,0.017962390284232996,0.7344775576236169,0.039923053070568766,0.8570599455715145,0.012310695769223133,0.8649489834758775,0.018017363726906575,0.877889528097926,0.015306193010324884,0.8773611749318417,0.02747776904161459,0.8520930232558139,0.01965540525738356,0.8723577235772358,0.029200463408240607,0.8641068811127168,0.010889021869673466,0.8744628627815054,0.020588359550581182,86.0,0.0,123.0,0.0,0.8200680650299803,0.009639921667884252,0.8253577718819312,0.041223038404021486,0.5954,0.04453762454374954,0.4405594405594406,0.09015887928118284,0.685540926454138,0.02857932025807606,0.5703056323054985,0.08159818057856129,100.0,0.0,143.0,0.0,0.01899349197511048,0.01223933683972584,0.028946034110094516,0.020587042590573826,0.146,0.09935346552139544,0.29999999999999993,0.1957600456294711,0.03341510553369291,0.021730631207075708,0.05260156958228253,0.036821062252448786,5.0,0.0,7.0,0.0,0.10244186046511627,0.015293632616414353,0.06910569105691057,0.024911621017412244,0.04546511627906977,0.00975097048478296,0.05853658536585367,0.021269828585743722,0.6901794515683835,0.05463413153833074,0.5382750428106466,0.13909984050406132,0.3098205484316165,0.05463413153833077,0.46172495718935347,0.13909984050406132,0.10270000000000001,0.01606272427426653,0.10419580419580418,0.027864985552016053,0.30190000000000006,0.03879132205360712,0.4552447552447553,0.09084631147711153,0.26348559116520587,0.029779255833464524,0.18971070741279156,0.059697108530603886,0.7365144088347941,0.029779255833464514,0.8102892925872085,0.05969710853060388,0.004,0.008432740427115677,0.02857142857142857,0.06023386019368342,0.85,0.10295630140987003,0.6714285714285715,0.19107050140703696,0.004,0.008432740427115677,0.03666666666666667,0.07769837216465372,0.9960000000000001,0.008432740427115639,0.9633333333333335,0.07769837216465371
9,minmax_decision_tree,multiclass,"[np.int64(0), np.int64(1), np.int64(2)]",3,0.8125654450261781,0.01102381270321381,0.8095238095238095,0.02496342893804744,0.6263137187310109,0.02078788614610801,0.606228025714201,0.05026438046950895,0.8124264824993975,0.01095276602580466,0.8114718686123468,0.024048610586943884,0.6315147286821705,0.02282461461675165,0.6133687450760622,0.059449645403976036,0.8125654450261781,0.01102381270321381,0.8095238095238095,0.02496342893804744,0.631060705971207,0.021510946971108693,0.602806802762722,0.04494269804416675,0.8148011960027505,0.010995917244560725,0.8146377787927538,0.022879690509621457,0.18905759162303665,0.011391896981257891,0.19084249084249083,0.025521554333520123,0.6767875709421387,0.02083025401283255,0.6830841467412256,0.043434692075816204,0.5238219895287958,0.03916819055280287,0.5227106227106227,0.0668335069671706,100.05,7.481124395585349,142.7,18.245547402037573,-0.5238219895287958,0.03916819055280287,-0.5227106227106227,0.0668335069671706,0.17767441860465116,0.023222197926420787,0.16341463414634144,0.06149433080110928,0.718,0.07019971509913694,0.7377622377622377,0.10909738390523599,2.594,0.2385232343679191,2.442857142857143,0.5364280958719597,0.7573363158555206,0.013626107412397377,0.7483498182034767,0.032980805066173124,0.8247368545433063,0.010872285753990317,0.8249963369963369,0.023943661667967412,0.8400216517111782,0.014662206138939168,0.8412549395939972,0.020918340235607905,0.8317441860465117,0.018434705071159508,0.8439024390243903,0.047064050614834485,0.8348060563456985,0.01277871183809138,0.8420514270623617,0.029396492352810995,86.0,0.0,123.0,0.0,0.822309095351072,0.014342470487270217,0.824644101172801,0.0307301926291018,0.8248,0.01258570617804183,0.8104895104895105,0.02919807229859533,0.8227311769728234,0.009839750783523204,0.8170813680289593,0.022911534532597644,100.0,0.0,143.0,0.0,0.23085137085137086,0.06225359876986938,0.14252136752136751,0.1263710211509308,0.238,0.06356099432828283,0.1857142857142857,0.1788093652906532,0.2214039228745111,0.05722581374677155,0.15955128205128205,0.14588164097679113,5.0,0.0,7.0,0.0,0.1672093023255814,0.018194774434373874,0.15528455284552847,0.04590277149669631,0.0010465116279069768,0.0011563127046648291,0.0008130081300813009,0.0025709574472913654,0.9944246031746033,0.006097840558100806,0.9962962962962962,0.011712139482105125,0.005575396825396825,0.006097840558100815,0.0037037037037037034,0.011712139482105107,0.13570000000000002,0.014629118603357853,0.13706293706293707,0.020374613877307372,0.03950000000000001,0.006004627844883942,0.05244755244755245,0.012873381138912893,0.7740705892130882,0.04277709399749814,0.7244704747748225,0.042994824242084256,0.22592941078691178,0.04277709399749812,0.27552952522517743,0.042994824242084236,0.044,0.026331223544175334,0.0,0.0,0.718,0.0733030240394851,0.8142857142857143,0.17880936529065322,0.0655,0.04073438502612737,0.0,0.0,0.9345000000000001,0.040734385026127355,1.0,0.0
10,minmax_random_forest,multiclass,"[np.int64(0), np.int64(1), np.int64(2)]",3,0.889109947643979,0.006962454070602222,0.8978021978021978,0.012264834191792612,0.6008396509572609,0.0047417256615964725,0.6066029019777779,0.00833226196637522,0.8773436310499889,0.006892299775984476,0.8861537363592735,0.012088148032750712,0.6082131782945737,0.004716963848193963,0.6143479826406655,0.00862815961002781,0.889109947643979,0.006962454070602222,0.8978021978021978,0.012264834191792612,0.5943793525776006,0.004801467235643685,0.5992645150753463,0.008106265647623718,0.8669455639648666,0.0068418330139843955,0.8751116605508397,0.011902475275240059,0.11089005235602094,0.00696245407060223,0.1021978021978022,0.012264834191792608,0.7963274854780152,0.012695837531091022,0.8124270416077912,0.022649669494467804,0.3276439790575916,0.02699572205246843,0.32051282051282054,0.03949896488308135,62.580000000000005,5.156182912021473,87.5,10.783217413081207,-0.3276439790575916,0.02699572205246843,-0.32051282051282054,0.03949896488308135,0.09686046511627906,0.008839419008381992,0.07723577235772358,0.022099602209078712,0.3925,0.05006939628599935,0.3986013986013986,0.07408041297002659,3.0,0.0,3.0,0.0,0.952537706908412,0.006535992725300943,0.9432271102899126,0.011281497931784913,0.9573999160497217,0.005229862504086967,0.9553369864503468,0.008059108209843536,0.9090859325707623,0.01058788328260419,0.9089496818472147,0.015630327412239905,0.903139534883721,0.008839419008382,0.9227642276422765,0.0220996022090787,0.9056615540450274,0.007611960472501704,0.9156337461192525,0.013776348185508802,86.0,0.0,123.0,0.0,0.8740521251620393,0.006452371593822909,0.8888438633788238,0.016271681489440318,0.9215,0.010013879257199883,0.9202797202797204,0.014816082594005334,0.8968573988267554,0.0066809649409708535,0.9041749598140811,0.011327985356821068,100.0,0.0,143.0,0.0,0.0,0.0,0.0,0.0,0.0,0.0,0.0,0.0,0.0,0.0,0.0,0.0,5.0,0.0,7.0,0.0,0.09686046511627906,0.008839419008381992,0.07723577235772358,0.022099602209078712,0.0,0.0,0.0,0.0,1.0,0.0,1.0,0.0,0.0,0.0,0.0,0.0,0.07849999999999999,0.010013879257199867,0.07972027972027972,0.014816082594005318,0.0,0.0,0.0,0.0,1.0,0.0,1.0,0.0,0.0,0.0,0.0,0.0,0.0,0.0,0.0,0.0,1.0,0.0,1.0,0.0,0.0,0.0,0.0,0.0,1.0,0.0,1.0,0.0
11,minmax_extra_trees,multiclass,"[np.int64(0), np.int64(1), np.int64(2)]",3,0.8894240837696336,0.007693940496443081,0.8985347985347986,0.013156252744372134,0.6010499364586356,0.005243860402248323,0.6070880340381819,0.008950326258716838,0.8776493399812567,0.007613851091721089,0.8868275642814112,0.01296310249098958,0.6084348837209302,0.005264651570916889,0.615117402922281,0.009427759988265517,0.8894240837696336,0.007693940496443081,0.8985347985347986,0.013156252744372134,0.5945970066338208,0.0052479273172506705,0.5996614749777229,0.00846628368971689,0.8672700264428498,0.007529837752994056,0.8759923567144074,0.012585883398590628,0.11057591623036649,0.007693940496443079,0.10146520146520148,0.013156252744372137,0.7969006307116241,0.014093915587345298,0.8140113855675398,0.024472511786810307,0.3269109947643979,0.028848331184361364,0.32857142857142857,0.044830868513910514,62.44000000000001,5.510031256213021,89.7,12.238827104297572,-0.3269109947643979,0.028848331184361364,-0.32857142857142857,0.044830868513910514,0.09639534883720931,0.01109163908828645,0.07073170731707316,0.029450900784600886,0.3915,0.053854227111507016,0.4195804195804196,0.09177165354326121,3.0,0.0,3.0,0.0,0.9551521302486794,0.0055051851072298475,0.9461705247870802,0.012659969819850977,0.9589516543525157,0.0053484307938688426,0.9571894493913001,0.00810447410163528,0.9093233528258515,0.01130561662124977,0.9054429691204964,0.018106439451235558,0.9036046511627907,0.011091639088286502,0.9292682926829269,0.029450900784600893,0.9059969286550451,0.00853584000214987,0.916842077677741,0.01514459037020882,86.0,0.0,123.0,0.0,0.8744676670756109,0.008046945293565316,0.8935414558126725,0.021035497362778287,0.9217000000000001,0.010770845422301374,0.916083916083916,0.018354330708652253,0.8971528807208614,0.0072802814754482584,0.9044220244368049,0.01192922041189516,100.0,0.0,143.0,0.0,0.0,0.0,0.0,0.0,0.0,0.0,0.0,0.0,0.0,0.0,0.0,0.0,5.0,0.0,7.0,0.0,0.09639534883720931,0.01109163908828645,0.07073170731707316,0.029450900784600886,0.0,0.0,0.0,0.0,1.0,0.0,1.0,0.0,0.0,0.0,0.0,0.0,0.0783,0.010770845422301402,0.08391608391608392,0.01835433070865224,0.0,0.0,0.0,0.0,1.0,0.0,1.0,0.0,0.0,0.0,0.0,0.0,0.0,0.0,0.0,0.0,1.0,0.0,1.0,0.0,0.0,0.0,0.0,0.0,1.0,0.0,1.0,0.0
12,minmax_xgboost,multiclass,"[np.int64(0), np.int64(1), np.int64(2)]",3,0.8956020942408378,0.007723178602967847,0.8974358974358975,0.012210012210012203,0.689922123048811,0.04698238292636384,0.7256048456106818,0.059009868414906144,0.8884079929966389,0.009035414413711558,0.8921320911273227,0.013188927109917212,0.6706596899224807,0.03452008467281853,0.6918626089357797,0.04818848165607261,0.8956020942408378,0.007723178602967847,0.8974358974358975,0.012210012210012203,0.7780892594070121,0.08296243757659859,0.9013630084106914,0.07669781990539364,0.8876922353343548,0.012354432752269497,0.8990062476847662,0.014894623265515916,0.10445026178010472,0.007762710773572156,0.10256410256410257,0.012210012210012205,0.8127321892577715,0.014804601879208026,0.817239180777548,0.022386021798973095,0.3506282722513089,0.03060432231374068,0.35970695970695965,0.03829352608975588,66.97,5.845425561924468,98.2,10.454132622503355,-0.3506282722513089,0.03060432231374068,-0.35970695970695965,0.03829352608975588,0.06872093023255814,0.00573460058692783,0.06097560975609756,0.02689625100444337,0.4869,0.05226524232753116,0.5230769230769231,0.08005898684392866,2.474,0.3129856226729911,2.2714285714285714,0.40657855630736317,0.9392130784527634,0.006207507704180566,0.9323091047477906,0.024093869675767814,0.9561337562398193,0.005234978689425627,0.9547368265690995,0.007524902162708408,0.8927424433268001,0.010645937209315037,0.8861345828456095,0.01377950569151089,0.9312790697674419,0.005734600586927809,0.9390243902439023,0.026896251004443383,0.9111845191541633,0.007056187199965724,0.9114895813298574,0.010601170192462405,86.0,0.0,123.0,0.0,0.9006920015609028,0.00714199649634494,0.909621109053132,0.022790298412852017,0.9007,0.010625441167311615,0.8937062937062936,0.015391677407197359,0.9003278817383013,0.007515076796106359,0.9013350565122893,0.010888580703813945,100.0,0.0,143.0,0.0,0.5408333333333333,0.23864490124217796,0.9083333333333334,0.21677347794585192,0.18,0.10022197585581939,0.2428571428571428,0.13552618543578768,0.2582539682539683,0.13471997216252274,0.363989898989899,0.16420348476738883,5.0,0.0,7.0,0.0,0.06872093023255814,0.00573460058692783,0.06097560975609756,0.02689625100444337,0.0,0.0,0.0,0.0,1.0,0.0,1.0,0.0,0.0,0.0,0.0,0.0,0.0969,0.010418466511173537,0.10419580419580421,0.016300357796780504,0.0024000000000000002,0.000966091783079296,0.002097902097902098,0.00471991998398988,0.9787054750804751,0.00927139643272442,0.9798076923076924,0.044051569355201714,0.021294524919524917,0.00927139643272443,0.020192307692307693,0.04405156935520172,0.002,0.006324555320336759,0.0,0.0,0.818,0.09908470001860926,0.757142857142857,0.13552618543578768,0.0025,0.007905694150420948,0.0,0.0,0.9974999999999999,0.007905694150420955,1.0,0.0
13,minmax_adaboost,multiclass,"[np.int64(0), np.int64(1), np.int64(2)]",3,0.8640314136125655,0.012850769668219818,0.8663003663003662,0.019932634575475585,0.7005207109411776,0.0274446094520604,0.7068896832496157,0.04334660967382931,0.8603452832680984,0.01263598974415311,0.865284036800715,0.019562529685849456,0.6810984496124031,0.024913488933510693,0.7012112548697915,0.04766721645178228,0.8640314136125655,0.012850769668219818,0.8663003663003662,0.019932634575475585,0.7747458106099907,0.05671199494378844,0.7358888934029422,0.07473294881568726,0.8632818434792743,0.012556886907952156,0.867045253076026,0.018710986502682495,0.13612565445026178,0.012954515574098168,0.1336996336996337,0.019932634575475592,0.7601055378797269,0.021959655905659972,0.7712905258625546,0.03442416859108559,0.37654450261780104,0.041993605085034684,0.37252747252747254,0.047101220038844406,71.91999999999999,8.020778571241628,101.7,12.85863307060453,-0.37654450261780104,0.041993605085034684,-0.37252747252747254,0.047101220038844406,0.1336046511627907,0.018511150708663705,0.11544715447154472,0.042470543141809716,0.4951,0.07676001563314068,0.5153846153846154,0.0953747485594391,2.184,0.20457000974944717,1.9714285714285715,0.4140393356054126,0.9191474693307026,0.00679754999363156,0.9077746500504332,0.021327959248179075,0.9104722691877735,0.009357804638953545,0.9003704838314439,0.021043361852884097,0.8866543627468451,0.01613588325682351,0.8864109637672627,0.02037397224711788,0.8663953488372093,0.01851115070866372,0.8845528455284553,0.04247054314180972,0.8751344289117364,0.01347486627946731,0.884905687623581,0.02338114252657807,86.0,0.0,123.0,0.0,0.8573330690831276,0.013006268755111407,0.8707795259653736,0.03233347397214024,0.8909,0.01646848842824111,0.8762237762237761,0.023087516110796076,0.8729710494551417,0.011885225147727684,0.8730058745148372,0.01769770073108557,100.0,0.0,143.0,0.0,0.5802499999999999,0.1626896092275634,0.4504761904761905,0.23216096795450392,0.28600000000000003,0.07306009702825324,0.3428571428571428,0.13801311186847084,0.35345665445665453,0.07430257068870305,0.3627574876104288,0.12232987549382554,5.0,0.0,7.0,0.0,0.1336046511627907,0.018511150708663705,0.11544715447154472,0.042470543141809716,0.0,0.0,0.0,0.0,1.0,0.0,1.0,0.0,0.0,0.0,0.0,0.0,0.0965,0.015400216448695355,0.0979020979020979,0.01922193764856718,0.0126,0.007198765326236315,0.025874125874125874,0.01547968085397109,0.8838171390013496,0.06266020945107502,0.7935250336179129,0.11705359062615013,0.11618286099865047,0.06266020945107502,0.20647496638208712,0.11705359062615013,0.006,0.013498971154211059,0.0,0.0,0.708,0.07899367063252599,0.657142857142857,0.13801311186847084,0.007833333333333333,0.01882423575744449,0.0,0.0,0.9921666666666666,0.01882423575744449,1.0,0.0
14,minmax_svm,multiclass,"[np.int64(0), np.int64(1), np.int64(2)]",3,0.8721989528795812,0.00789961197082776,0.8769230769230768,0.011609147080834882,0.6031490961443724,0.018952348684452256,0.6490339359596785,0.03756128106560753,0.8606934561730192,0.00801288120726718,0.8682698678419538,0.010907801690183374,0.6084744186046511,0.012120534972244712,0.6351507571019765,0.021310215056380477,0.8721989528795812,0.00789961197082776,0.8769230769230768,0.011609147080834882,0.6227690438061766,0.04989610355671685,0.8036374746101813,0.15748687087063046,0.8572071233211027,0.00828294905806235,0.8779039307093413,0.015289296296961371,0.12780104712041884,0.007899611970827771,0.12307692307692306,0.011609147080834882,0.7704501113342107,0.013918851787507118,0.7810811971069054,0.01943747988888041,0.521413612565445,0.03498459285225647,0.5179487179487179,0.052946983135616354,99.59,6.682057234780984,141.4,14.454526396023265,-0.521413612565445,0.03498459285225647,-0.5179487179487179,0.052946983135616354,0.03697674418604651,0.005717546950259156,0.026016260162601623,0.015234113086780701,0.818,0.06494442068244027,0.8342657342657341,0.10928647821737462,2.9219999999999997,0.10217631819555839,2.7,0.20701966780270617,0.9493651822296234,0.007050819577655719,0.9386856304933581,0.013674780766273797,0.9515288719049908,0.0032755887355613747,0.9491553157336847,0.00724018593284128,0.8360108991087374,0.011161070142994502,0.8346351762058809,0.017792550761908384,0.9630232558139535,0.005717546950259147,0.9739837398373984,0.0152341130867807,0.8947205884339008,0.007600629406105232,0.8987831191813234,0.011385177204280724,86.0,0.0,123.0,0.0,0.9122962323097921,0.005191265934906943,0.9262772476246631,0.014253626598000321,0.8363999999999999,0.01298888413648803,0.8314685314685315,0.02222412389100796,0.8723457476182643,0.008565860695319638,0.8760964664754898,0.012636619942657435,100.0,0.0,143.0,0.0,0.12,0.14757295747452437,0.65,0.4743416490252569,0.026000000000000002,0.03405877273185281,0.09999999999999998,0.06900655593423542,0.04238095238095237,0.05450017971821018,0.17222222222222222,0.11915339216404008,5.0,0.0,7.0,0.0,0.03697674418604651,0.005717546950259156,0.026016260162601623,0.015234113086780701,0.0,0.0,0.0,0.0,0.97,0.04830458915396478,0.9,0.31622776601683794,0.0,0.0,0.0,0.0,0.1636,0.012988884136488047,0.1664335664335664,0.021816986399622543,0.0,0.0,0.002097902097902098,0.003377943297480056,1.0,0.0,0.9877898193760263,0.01990463159260857,0.0,0.0,0.012210180623973728,0.01990463159260856,0.0,0.0,0.0,0.0,0.974,0.034058772731852795,0.9,0.06900655593423545,0.0,0.0,0.0,0.0,1.0,0.0,1.0,0.0
15,minmax_logistic_regression,multiclass,"[np.int64(0), np.int64(1), np.int64(2)]",3,0.8701047120418849,0.006752145189413838,0.871062271062271,0.01733649753289266,0.689979955967021,0.03648870423808198,0.7126077355136338,0.041895187188677165,0.8662357237030548,0.007732011863746163,0.8691896515531983,0.017149433355595017,0.6785093023255813,0.030379269686873586,0.7022143168484632,0.0409611641997901,0.8701047120418849,0.006752145189413838,0.871062271062271,0.01733649753289266,0.733962879121006,0.052550673000724545,0.7450639199053817,0.07738503933279103,0.8680706641030204,0.00878600668588918,0.8729003309983309,0.01775696837728878,0.13099476439790575,0.006887686115322644,0.13076923076923075,0.017949133250451027,0.7702621795569733,0.013616395671382526,0.7712232754929407,0.033006555808331776,0.4671204188481676,0.033604789975602976,0.4772893772893772,0.07140613070154345,89.22,6.418514885340173,130.3,19.49387368152136,-0.4671204188481676,0.033604789975602976,-0.4772893772893772,0.07140613070154345,0.09034883720930233,0.02119449877772051,0.0983739837398374,0.05316766522737137,0.7029000000000001,0.055828009696447765,0.7279720279720279,0.1358176466139353,2.232,0.2589208373229161,2.0142857142857142,0.3528311152922421,0.9247655010822303,0.011272203690409916,0.9210540674574303,0.014360432131438295,0.9404351371198187,0.00616998801950775,0.9391231841226058,0.008109849332671306,0.8545057984527983,0.01038556744913231,0.8511029924146479,0.025016730112431634,0.9316279069767444,0.005420816662650224,0.938211382113821,0.02847463530962319,0.8909180600151483,0.006000944359156266,0.8921599092290113,0.018512784739554155,86.0,0.0,123.0,0.0,0.9008114103387911,0.0060388421432380135,0.9112316244443541,0.02520380194903858,0.8478999999999999,0.011541711792932218,0.8398601398601399,0.022707839399454643,0.873020642384749,0.007180781045288758,0.8737754629240554,0.01640192899574572,100.0,0.0,143.0,0.0,0.4465714285714286,0.1524505545406215,0.47285714285714275,0.23252803481311426,0.25600000000000006,0.08630694577430538,0.3285714285714285,0.11761037176408065,0.3060011655011655,0.10328536231171245,0.37188783438783435,0.12053973509710401,5.0,0.0,7.0,0.0,0.06593023255813953,0.005671378437505943,0.05772357723577235,0.027756287542697815,0.002441860465116279,0.002223198511581393,0.0040650406504065045,0.0042849290788189425,0.966734126984127,0.032870969462139736,0.9392063492063493,0.06544633491741328,0.03326587301587301,0.03287096946213975,0.06079365079365079,0.06544633491741325,0.13770000000000002,0.011255122290662936,0.14195804195804196,0.028558346192618697,0.014400000000000001,0.004550946177566936,0.018181818181818184,0.010528288849078056,0.907368841744397,0.02952382857753325,0.8815041407867493,0.07000149713139564,0.092631158255603,0.02952382857753325,0.11849585921325052,0.07000149713139564,0.0,0.0,0.0,0.0,0.744,0.08630694577430541,0.6714285714285714,0.11761037176408067,0.0,0.0,0.0,0.0,1.0,0.0,1.0,0.0
16,minmax_knn,multiclass,"[np.int64(0), np.int64(1), np.int64(2)]",3,0.6271204188481675,0.021326895221070837,0.6388278388278388,0.016031890170617676,0.40375251391875616,0.01914702975421404,0.4138051097257174,0.014345562406463659,0.5815655014313572,0.029199203655087963,0.5971276502947921,0.021942055201213128,0.4453255813953489,0.013492744348639958,0.45284363333143823,0.010081044754047669,0.6271204188481675,0.021326895221070837,0.6388278388278388,0.016031890170617676,0.47644616654037186,0.009493459141313837,0.48520765932533527,0.007608331133027469,0.7069814801371443,0.013891250735532636,0.7206188685587201,0.011320834440440438,0.3770680628272251,0.021564071574318035,0.36483516483516487,0.015171892128946584,0.35420095862720713,0.03420225660237805,0.3734607572594971,0.02181634048059233,1.8179057591623036,0.11216028930305333,1.7684981684981687,0.08011852374794029,347.21999999999997,21.42261525688319,482.8,21.872356983187704,-1.8179057591623036,0.11216028930305333,-1.7684981684981687,0.08011852374794029,0.013023255813953489,0.004378301161687733,0.006504065040650407,0.005141914894582732,3.255,0.2123414441151065,3.1748251748251746,0.16548474917761163,4.119999999999999,0.5791181034795729,4.0,0.6666666666666666,0.7199228805827831,0.015466042950661302,0.7280827116684865,0.019610611013564153,0.7931286137439659,0.013110493838317774,0.793800347586351,0.02076167972266956,0.5643133754226406,0.015444539833711936,0.5712567367019129,0.011181828236869978,0.9869767441860466,0.004378301161687697,0.9934959349593495,0.005141914894582735,0.7176245287312579,0.01205922856435101,0.7253271770927254,0.008341540345152125,86.0,0.0,123.0,0.0,0.865025124198475,0.01583585282919176,0.8843662412740931,0.015597560391155067,0.34900000000000003,0.04246828882302128,0.365034965034965,0.03309694983552233,0.49363301302501056,0.04553678123515614,0.5160881520844265,0.03486166214338076,100.0,0.0,143.0,0.0,0.0,0.0,0.0,0.0,0.0,0.0,0.0,0.0,0.0,0.0,0.0,0.0,5.0,0.0,7.0,0.0,0.013023255813953489,0.004378301161687733,0.006504065040650407,0.005141914894582732,0.0,0.0,0.0,0.0,0.7300000000000001,0.12516655570345728,0.7,0.48304589153964794,0.0,0.0,0.0,0.0,0.651,0.042468288823021276,0.6349650349650349,0.033096949835522346,0.0,0.0,0.0,0.0,1.0,0.0,1.0,0.0,0.0,0.0,0.0,0.0,0.16000000000000003,0.08273115763993906,0.14285714285714285,0.09523809523809523,0.8400000000000001,0.08273115763993903,0.8571428571428571,0.09523809523809523,0.16000000000000003,0.08273115763993906,0.14285714285714285,0.09523809523809523,0.8400000000000001,0.08273115763993903,0.8571428571428571,0.09523809523809523
17,minmax_gaussian_nb,multiclass,"[np.int64(0), np.int64(1), np.int64(2)]",3,0.6730366492146598,0.02382981927084084,0.5761904761904761,0.050757536236034885,0.514427718076074,0.010129261913806663,0.46645701704348824,0.03137381144163539,0.7306528351715436,0.022207556070638984,0.6465350317911879,0.05668672011144454,0.5159674418604652,0.0226603091623832,0.514814453838844,0.05742109785836767,0.6730366492146598,0.02382981927084084,0.5761904761904761,0.050757536236034885,0.5710939327589089,0.005856151316530173,0.5717970126400111,0.020116271455961936,0.8245127014863616,0.009981689452636975,0.820985126504182,0.03233411435633277,0.3624083769633507,0.021725891269599184,0.4644688644688645,0.05470848542624593,0.5385376765996897,0.026316514043727993,0.5339410895402478,0.02954508135431689,0.9035602094240838,0.0555998045079041,1.008058608058608,0.136181873957539,172.57999999999998,10.61956266100969,275.2,37.17765159040815,-0.9035602094240838,0.0555998045079041,-1.008058608058608,0.136181873957539,0.8676744186046512,0.1869879282396951,0.9512195121951219,0.2749843012241913,0.845,0.11854863043400277,1.0,0.19677304979398863,2.692,0.3425654844129968,2.1714285714285717,0.9204159564456815,0.7086135785777945,0.01998030907231519,0.7199744344348302,0.03774295363173124,0.8341400051842545,0.019295889162875415,0.8473901427279102,0.01500705191651476,0.8745158508649883,0.017147176183686257,0.8906504629228553,0.03047861149030612,0.8293023255813953,0.027064146037167138,0.8463414634146341,0.03458869493688236,0.8502773400870309,0.014092981956390062,0.8673980177793059,0.023804732625618174,86.0,0.0,123.0,0.0,0.8218919270783935,0.011459759058973716,0.8000422689055166,0.0453211059443347,0.5646000000000001,0.06586383259759823,0.35524475524475524,0.10170224877692956,0.6627980126270971,0.04897558867253464,0.4859580607255996,0.09899153254164451,100.0,0.0,143.0,0.0,0.016874020333344217,0.009942435332941922,0.024698306091661987,0.01487086603195342,0.154,0.10024414640710394,0.34285714285714286,0.2352207435281613,0.03020780151409417,0.017973543310516562,0.04601497262555911,0.0279461531842898,5.0,0.0,7.0,0.0,0.09325581395348838,0.015019567390677026,0.06504065040650407,0.022016364240205855,0.07744186046511628,0.0181567532405959,0.08861788617886177,0.027490416591687276,0.55337137347031,0.0663265838643976,0.42338205653995126,0.10331490519648431,0.44662862652968993,0.06632658386439762,0.5766179434600488,0.1033149051964843,0.1024,0.018440294044413844,0.08881118881118882,0.029677971623126784,0.33299999999999996,0.060077727431497745,0.555944055944056,0.08748248953284476,0.2472999522814232,0.03605424074639786,0.137211955393796,0.03666633559756485,0.7527000477185768,0.03605424074639786,0.862788044606204,0.03666633559756484,0.022,0.027406406388125956,0.02857142857142857,0.06023386019368342,0.8240000000000001,0.10616548926610342,0.6285714285714286,0.22537446792760443,0.024,0.03238655413730966,0.03666666666666667,0.07769837216465372,0.9760000000000002,0.03238655413730964,0.9633333333333335,0.07769837216465371
18,standard_decision_tree,multiclass,"[np.int64(0), np.int64(1), np.int64(2)]",3,0.8125654450261779,0.01075813962123731,0.810989010989011,0.023814219505025422,0.6261077904885257,0.020716924801519973,0.607551420561799,0.04980244882278994,0.812492734054872,0.010738533435281694,0.8128150665078445,0.022716103103037337,0.6315472868217054,0.02280322834578628,0.6143769509623168,0.05886259129824085,0.8125654450261779,0.01075813962123731,0.810989010989011,0.023814219505025422,0.6305667531592436,0.02144374172641322,0.6047107664253846,0.04499479768674047,0.8149350776766322,0.010811505461657846,0.8158919514204319,0.021420461469714262,0.18905759162303662,0.011102137826189677,0.18937728937728937,0.02430068519910522,0.6770111549030793,0.020506752104682044,0.6852415799162107,0.04045240472904527,0.5242408376963351,0.03801257852769934,0.5197802197802198,0.06688702194479086,100.13,7.260402498790576,141.9,18.260156990927907,-0.5242408376963351,0.03801257852769934,-0.5197802197802198,0.06688702194479086,0.17697674418604653,0.02329970019302374,0.16178861788617888,0.05780050092883333,0.7194,0.06841409861197388,0.7335664335664335,0.11249109085335776,2.594,0.2385232343679191,2.442857142857143,0.5364280958719597,0.7573948967095253,0.0135707224258023,0.7492840991557295,0.032230967588555696,0.824863759896018,0.010726744116688152,0.8262868710237132,0.02246069308136866,0.8399480823845267,0.014334717135350663,0.84230883712364,0.020714187262944526,0.8324418604651163,0.018575963023743317,0.8455284552845528,0.044858930507444036,0.8351139703219062,0.012745817538962352,0.8433856465518424,0.027445330907058075,86.0,0.0,123.0,0.0,0.8227189880600152,0.014340327637085233,0.825968761297813,0.02882592147207012,0.8242,0.011811482172492631,0.8118881118881118,0.03065068638429183,0.8226343552745075,0.009493888474428199,0.8184352818002212,0.022420945829879337,100.0,0.0,143.0,0.0,0.229033189033189,0.06286817344373145,0.14585470085470084,0.1275131372274366,0.238,0.06356099432828283,0.1857142857142857,0.1788093652906532,0.2205750458691635,0.05746010952253471,0.16083333333333333,0.14588226692257403,5.0,0.0,7.0,0.0,0.16651162790697674,0.018342795466998425,0.15365853658536582,0.043940897872677076,0.0010465116279069768,0.0011563127046648291,0.0008130081300813009,0.0025709574472913654,0.9943353174603174,0.0062047982614235305,0.9960000000000001,0.012649110640673528,0.00566468253968254,0.006204798261423541,0.004,0.012649110640673518,0.1359,0.014379383389654311,0.13636363636363638,0.020914170681732357,0.0399,0.006172519744804387,0.05174825174825175,0.01406349942097749,0.7723014293754148,0.04327109077329785,0.7269408305060479,0.04892271519180767,0.22769857062458515,0.043271090773297834,0.27305916949395204,0.04892271519180764,0.044,0.026331223544175334,0.0,0.0,0.718,0.0733030240394851,0.8142857142857143,0.17880936529065322,0.0655,0.04073438502612737,0.0,0.0,0.9345000000000001,0.040734385026127355,1.0,0.0
19,standard_random_forest,multiclass,"[np.int64(0), np.int64(1), np.int64(2)]",3,0.8889005235602093,0.0066170499054572516,0.8981684981684982,0.013013834036116468,0.6006948509818566,0.0045067442416805254,0.6068460638089174,0.008845474642057646,0.8771351922188089,0.006550314492216292,0.8865108909093552,0.01282315064262221,0.608063565891473,0.004487076643667678,0.6145810828737657,0.009224005566938693,0.8889005235602093,0.0066170499054572516,0.8981684981684982,0.013013834036116468,0.5942470157628386,0.004559527434725295,0.5995850948091774,0.008525690799682793,0.866749366540765,0.006498745873893322,0.8755577048541834,0.012578805829767836,0.11109947643979057,0.006617049905457309,0.10183150183150183,0.013013834036116462,0.7959309158663087,0.012069936571029857,0.8130699417846723,0.024107192997657245,0.3280628272251309,0.025787901881664556,0.3186813186813187,0.04129800860876132,62.65999999999999,4.9254892593979385,87.0,11.274356350191843,-0.3280628272251309,0.025787901881664556,-0.3186813186813187,0.04129800860876132,0.09720930232558138,0.00867039622432896,0.07723577235772358,0.025204708994225306,0.393,0.04808557187163549,0.3951048951048951,0.07913401024134245,3.0,0.0,3.0,0.0,0.9526563431608818,0.006461131578563455,0.9433562239788733,0.010994694831863031,0.9574214402947725,0.005236878922077674,0.9554015406224776,0.007974161854449019,0.9089268371118171,0.010123117445061265,0.9097376123972495,0.01657001591461405,0.9027906976744188,0.008670396224328985,0.9227642276422763,0.025204708994225295,0.9054023986260322,0.007244359021355678,0.9159744077885763,0.014764010761642892,86.0,0.0,123.0,0.0,0.8738142101766984,0.006268935508684905,0.8890176720302826,0.018334445078091587,0.9213999999999999,0.009617114374327095,0.920979020979021,0.015826802048268505,0.8966821543195376,0.006347758384617936,0.9045637836381756,0.011905936727275293,100.0,0.0,143.0,0.0,0.0,0.0,0.0,0.0,0.0,0.0,0.0,0.0,0.0,0.0,0.0,0.0,5.0,0.0,7.0,0.0,0.09720930232558138,0.00867039622432896,0.07723577235772358,0.025204708994225306,0.0,0.0,0.0,0.0,1.0,0.0,1.0,0.0,0.0,0.0,0.0,0.0,0.0786,0.009617114374327097,0.07902097902097902,0.01582680204826849,0.0,0.0,0.0,0.0,1.0,0.0,1.0,0.0,0.0,0.0,0.0,0.0,0.0,0.0,0.0,0.0,1.0,0.0,1.0,0.0,0.0,0.0,0.0,0.0,1.0,0.0,1.0,0.0
20,standard_extra_trees,multiclass,"[np.int64(0), np.int64(1), np.int64(2)]",3,0.8894240837696336,0.007693940496443081,0.8985347985347986,0.013156252744372134,0.6010499364586356,0.005243860402248323,0.6070880340381819,0.008950326258716838,0.8776493399812567,0.007613851091721089,0.8868275642814112,0.01296310249098958,0.6084348837209302,0.005264651570916889,0.615117402922281,0.009427759988265517,0.8894240837696336,0.007693940496443081,0.8985347985347986,0.013156252744372134,0.5945970066338208,0.0052479273172506705,0.5996614749777229,0.00846628368971689,0.8672700264428498,0.007529837752994056,0.8759923567144074,0.012585883398590628,0.11057591623036649,0.007693940496443079,0.10146520146520148,0.013156252744372137,0.7969006307116241,0.014093915587345298,0.8140113855675398,0.024472511786810307,0.3269109947643979,0.028848331184361364,0.32857142857142857,0.044830868513910514,62.44000000000001,5.510031256213021,89.7,12.238827104297572,-0.3269109947643979,0.028848331184361364,-0.32857142857142857,0.044830868513910514,0.09639534883720931,0.01109163908828645,0.07073170731707316,0.029450900784600886,0.3915,0.053854227111507016,0.4195804195804196,0.09177165354326121,3.0,0.0,3.0,0.0,0.9551521302486794,0.0055051851072298475,0.9461705247870802,0.012659969819850977,0.9589516543525157,0.0053484307938688426,0.9571894493913001,0.00810447410163528,0.9093233528258515,0.01130561662124977,0.9054429691204964,0.018106439451235558,0.9036046511627907,0.011091639088286502,0.9292682926829269,0.029450900784600893,0.9059969286550451,0.00853584000214987,0.916842077677741,0.01514459037020882,86.0,0.0,123.0,0.0,0.8744676670756109,0.008046945293565316,0.8935414558126725,0.021035497362778287,0.9217000000000001,0.010770845422301374,0.916083916083916,0.018354330708652253,0.8971528807208614,0.0072802814754482584,0.9044220244368049,0.01192922041189516,100.0,0.0,143.0,0.0,0.0,0.0,0.0,0.0,0.0,0.0,0.0,0.0,0.0,0.0,0.0,0.0,5.0,0.0,7.0,0.0,0.09639534883720931,0.01109163908828645,0.07073170731707316,0.029450900784600886,0.0,0.0,0.0,0.0,1.0,0.0,1.0,0.0,0.0,0.0,0.0,0.0,0.0783,0.010770845422301402,0.08391608391608392,0.01835433070865224,0.0,0.0,0.0,0.0,1.0,0.0,1.0,0.0,0.0,0.0,0.0,0.0,0.0,0.0,0.0,0.0,1.0,0.0,1.0,0.0,0.0,0.0,0.0,0.0,1.0,0.0,1.0,0.0
21,standard_xgboost,multiclass,"[np.int64(0), np.int64(1), np.int64(2)]",3,0.8956020942408378,0.007723178602967847,0.8974358974358975,0.012210012210012203,0.689922123048811,0.04698238292636384,0.7256048456106818,0.059009868414906144,0.8884079929966389,0.009035414413711558,0.8921320911273227,0.013188927109917212,0.6706596899224807,0.03452008467281853,0.6918626089357797,0.04818848165607261,0.8956020942408378,0.007723178602967847,0.8974358974358975,0.012210012210012203,0.7780892594070121,0.08296243757659859,0.9013630084106914,0.07669781990539364,0.8876922353343548,0.012354432752269497,0.8990062476847662,0.014894623265515916,0.10445026178010472,0.007762710773572156,0.10256410256410257,0.012210012210012205,0.8127321892577715,0.014804601879208026,0.817239180777548,0.022386021798973095,0.3506282722513089,0.03060432231374068,0.35970695970695965,0.03829352608975588,66.97,5.845425561924468,98.2,10.454132622503355,-0.3506282722513089,0.03060432231374068,-0.35970695970695965,0.03829352608975588,0.06872093023255814,0.00573460058692783,0.06097560975609756,0.02689625100444337,0.4869,0.05226524232753116,0.5230769230769231,0.08005898684392866,2.474,0.3129856226729911,2.2714285714285714,0.40657855630736317,0.9392130784527634,0.006207507704180566,0.9323091047477906,0.024093869675767814,0.9561337562398193,0.005234978689425627,0.9547368265690995,0.007524902162708408,0.8927424433268001,0.010645937209315037,0.8861345828456095,0.01377950569151089,0.9312790697674419,0.005734600586927809,0.9390243902439023,0.026896251004443383,0.9111845191541633,0.007056187199965724,0.9114895813298574,0.010601170192462405,86.0,0.0,123.0,0.0,0.9006920015609028,0.00714199649634494,0.909621109053132,0.022790298412852017,0.9007,0.010625441167311615,0.8937062937062936,0.015391677407197359,0.9003278817383013,0.007515076796106359,0.9013350565122893,0.010888580703813945,100.0,0.0,143.0,0.0,0.5408333333333333,0.23864490124217796,0.9083333333333334,0.21677347794585192,0.18,0.10022197585581939,0.2428571428571428,0.13552618543578768,0.2582539682539683,0.13471997216252274,0.363989898989899,0.16420348476738883,5.0,0.0,7.0,0.0,0.06872093023255814,0.00573460058692783,0.06097560975609756,0.02689625100444337,0.0,0.0,0.0,0.0,1.0,0.0,1.0,0.0,0.0,0.0,0.0,0.0,0.0969,0.010418466511173537,0.10419580419580421,0.016300357796780504,0.0024000000000000002,0.000966091783079296,0.002097902097902098,0.00471991998398988,0.9787054750804751,0.00927139643272442,0.9798076923076924,0.044051569355201714,0.021294524919524917,0.00927139643272443,0.020192307692307693,0.04405156935520172,0.002,0.006324555320336759,0.0,0.0,0.818,0.09908470001860926,0.757142857142857,0.13552618543578768,0.0025,0.007905694150420948,0.0,0.0,0.9974999999999999,0.007905694150420955,1.0,0.0
22,standard_adaboost,multiclass,"[np.int64(0), np.int64(1), np.int64(2)]",3,0.8640314136125655,0.012850769668219818,0.8663003663003662,0.019932634575475585,0.7005207109411776,0.0274446094520604,0.7068896832496157,0.04334660967382931,0.8603452832680984,0.01263598974415311,0.865284036800715,0.019562529685849456,0.6810984496124031,0.024913488933510693,0.7012112548697915,0.04766721645178228,0.8640314136125655,0.012850769668219818,0.8663003663003662,0.019932634575475585,0.7747458106099907,0.05671199494378844,0.7358888934029422,0.07473294881568726,0.8632818434792743,0.012556886907952156,0.867045253076026,0.018710986502682495,0.13612565445026178,0.012954515574098168,0.1336996336996337,0.019932634575475592,0.7601055378797269,0.021959655905659972,0.7712905258625546,0.03442416859108559,0.37654450261780104,0.041993605085034684,0.37252747252747254,0.047101220038844406,71.91999999999999,8.020778571241628,101.7,12.85863307060453,-0.37654450261780104,0.041993605085034684,-0.37252747252747254,0.047101220038844406,0.1336046511627907,0.018511150708663705,0.11544715447154472,0.042470543141809716,0.4951,0.07676001563314068,0.5153846153846154,0.0953747485594391,2.184,0.20457000974944717,1.9714285714285715,0.4140393356054126,0.9191489345321677,0.0068000377888630045,0.9077746500504332,0.021327959248179075,0.9104745705513313,0.009360565281947045,0.9003704838314439,0.021043361852884097,0.8866543627468451,0.01613588325682351,0.8864109637672627,0.02037397224711788,0.8663953488372093,0.01851115070866372,0.8845528455284553,0.04247054314180972,0.8751344289117364,0.01347486627946731,0.884905687623581,0.02338114252657807,86.0,0.0,123.0,0.0,0.8573330690831276,0.013006268755111407,0.8707795259653736,0.03233347397214024,0.8909,0.01646848842824111,0.8762237762237761,0.023087516110796076,0.8729710494551417,0.011885225147727684,0.8730058745148372,0.01769770073108557,100.0,0.0,143.0,0.0,0.5802499999999999,0.1626896092275634,0.4504761904761905,0.23216096795450392,0.28600000000000003,0.07306009702825324,0.3428571428571428,0.13801311186847084,0.35345665445665453,0.07430257068870305,0.3627574876104288,0.12232987549382554,5.0,0.0,7.0,0.0,0.1336046511627907,0.018511150708663705,0.11544715447154472,0.042470543141809716,0.0,0.0,0.0,0.0,1.0,0.0,1.0,0.0,0.0,0.0,0.0,0.0,0.0965,0.015400216448695355,0.0979020979020979,0.01922193764856718,0.0126,0.007198765326236315,0.025874125874125874,0.01547968085397109,0.8838171390013496,0.06266020945107502,0.7935250336179129,0.11705359062615013,0.11618286099865047,0.06266020945107502,0.20647496638208712,0.11705359062615013,0.006,0.013498971154211059,0.0,0.0,0.708,0.07899367063252599,0.657142857142857,0.13801311186847084,0.007833333333333333,0.01882423575744449,0.0,0.0,0.9921666666666666,0.01882423575744449,1.0,0.0
23,standard_svm,multiclass,"[np.int64(0), np.int64(1), np.int64(2)]",3,0.8415183246073298,0.006700525296591669,0.8538461538461538,0.02075342926624954,0.5684905834084517,0.004550122084599557,0.5767595065775608,0.014099761224576285,0.830260402188248,0.006626906201999012,0.8426514351933792,0.020399463377982374,0.5761713178294575,0.004557939506471353,0.5849356605454166,0.014889885804135207,0.8415183246073298,0.006700525296591669,0.8538461538461538,0.02075342926624954,0.56170838210623,0.004501961553729053,0.569355219687413,0.01374366957122625,0.8203059984249886,0.006445781241140838,0.8325399695769846,0.020591969977981444,0.15848167539267016,0.006700525296591607,0.14615384615384613,0.020753429266249516,0.7100172380881116,0.012147663303132493,0.7328521399933885,0.038735582730011354,0.4983769633507853,0.02917091351288435,0.48461538461538456,0.051050410031518084,95.19,5.571644480960913,132.3,13.93676193860444,-0.4983769633507853,0.02917091351288435,-0.48461538461538456,0.051050410031518084,0.13418604651162788,0.011421948599126758,0.10813008130081303,0.03983832014124497,0.6865,0.05778552298514453,0.6853146853146853,0.08906747400719253,3.0,0.0,3.0,0.0,0.9282151141265169,0.006791762933537425,0.9267618188114174,0.01730482739307087,0.9247772917281447,0.004784501862536653,0.9316299992020062,0.010598437665478428,0.8452906380497269,0.010450777283684584,0.848498877569171,0.01828522055702964,0.865813953488372,0.01142194859912677,0.891869918699187,0.03983832014124494,0.854817014612868,0.007258195790589453,0.8692993256990557,0.024095398765968577,86.0,0.0,123.0,0.0,0.8398345082689632,0.007488025537920856,0.8595667814930679,0.029705680475138652,0.8627,0.01155710459702889,0.862937062937063,0.017813494801438512,0.8506547356124873,0.006711629193501716,0.8609791940336267,0.018433855296574337,100.0,0.0,143.0,0.0,0.0,0.0,0.0,0.0,0.0,0.0,0.0,0.0,0.0,0.0,0.0,0.0,5.0,0.0,7.0,0.0,0.13418604651162788,0.011421948599126758,0.10813008130081303,0.03983832014124497,0.0,0.0,0.0,0.0,1.0,0.0,1.0,0.0,0.0,0.0,0.0,0.0,0.13730000000000003,0.01155710459702889,0.1370629370629371,0.017813494801438505,0.0,0.0,0.0,0.0,1.0,0.0,1.0,0.0,0.0,0.0,0.0,0.0,0.0,0.0,0.0,0.0,1.0,0.0,1.0,0.0,0.0,0.0,0.0,0.0,1.0,0.0,1.0,0.0
24,standard_logistic_regression,multiclass,"[np.int64(0), np.int64(1), np.int64(2)]",3,0.8426701570680628,0.007588111763458879,0.847985347985348,0.0176306826351571,0.6267371093076132,0.025220287190137535,0.7010547641634819,0.05090822404423026,0.8364271704911053,0.008220472351985737,0.8454557482861625,0.016242495004314073,0.6194767441860465,0.018819662059680987,0.6856717807937319,0.04667193008134071,0.8426701570680628,0.007588111763458879,0.847985347985348,0.0176306826351571,0.6642275143751826,0.045966310392079525,0.7546694570061203,0.08995140979742114,0.835135158644384,0.008739746825018952,0.8487059669929401,0.017636334261523202,0.15874345549738217,0.007796184811215567,0.15421245421245422,0.018473066540453793,0.715728466483122,0.014317805845853727,0.7272625221737583,0.03135824898804615,0.5461780104712041,0.04735498464781018,0.5373626373626373,0.07848768321671035,104.32000000000001,9.044802067731744,146.7,21.42713751816192,-0.5461780104712041,0.04735498464781018,-0.5373626373626373,0.07848768321671035,0.13127906976744186,0.02531841571165518,0.14552845528455288,0.06945815847136405,0.7990999999999999,0.08967775643937577,0.802097902097902,0.1658471710601082,2.624,0.16780941570722424,2.0142857142857142,0.4969293465978882,0.8639442707746532,0.01737015267421385,0.875534683518856,0.020784476109582756,0.9129559950830007,0.00825681057068854,0.9163660560248184,0.008780871119600882,0.8312456436769601,0.015348187477163515,0.831251974756222,0.029043012416684166,0.8959302325581395,0.00682984890957603,0.8983739837398375,0.03390242819294527,0.8616986659800681,0.0060295745893395375,0.8629179629648009,0.020433606144084248,86.0,0.0,123.0,0.0,0.8654368994485878,0.0035929241508434124,0.8781135391192821,0.023481368871464688,0.8324999999999999,0.01779044687465721,0.83006993006993,0.03346429682239272,0.847988852418962,0.008958823031649146,0.8528587171380322,0.018109567428119196,100.0,0.0,143.0,0.0,0.29599999999999993,0.1312362867615621,0.5546428571428572,0.26800169526921014,0.13,0.050990195135927854,0.32857142857142857,0.1656431155326294,0.17052380952380952,0.06837716210823595,0.38738761238761243,0.17042517259708473,5.0,0.0,7.0,0.0,0.10104651162790697,0.0068780705212513485,0.0967479674796748,0.03262179292315265,0.0030232558139534882,0.0025826870153422762,0.004878048780487805,0.005684600803090253,0.9674136002886004,0.028642542217841887,0.9556998148909914,0.05332464015820438,0.032586399711399705,0.028642542217841894,0.04430018510900864,0.05332464015820438,0.15789999999999998,0.017990429554503563,0.15804195804195803,0.033325997204030795,0.009600000000000001,0.0018378731669453625,0.011888111888111888,0.00875290599324876,0.9430936608107794,0.012972012827207492,0.9289662208969609,0.052415372067681425,0.056906339189220466,0.012972012827207524,0.07103377910303905,0.05241537206768142,0.002,0.006324555320336759,0.0,0.0,0.8680000000000001,0.05006662228138293,0.6714285714285715,0.1656431155326294,0.002,0.006324555320336759,0.0,0.0,0.998,0.006324555320336729,1.0,0.0
25,standard_knn,multiclass,"[np.int64(0), np.int64(1), np.int64(2)]",3,0.47748691099476437,0.006804044917842216,0.4776556776556776,0.009330878229324935,0.2455315800095969,0.00941961143116848,0.24547936676118023,0.012159836293629678,0.33893248236206064,0.014543529723424337,0.33911567660673364,0.018821385392102197,0.3505418604651163,0.004249583917327814,0.35046904315197003,0.00594395758189363,0.47748691099476437,0.006804044917842216,0.4776556776556776,0.009330878229324935,0.37948661814679097,0.025276906289874595,0.3992814450900247,0.05557456478430121,0.5617188571785178,0.03968849168243598,0.5931947551118462,0.0872301038506458,0.5373298429319371,0.008802630393789623,0.5388278388278389,0.009836451311903707,0.0886943663639935,0.020043232326982536,0.0786951611834145,0.024650863261691126,2.6591099476439792,0.0523213672401563,2.6714285714285717,0.05830328775157814,507.89,9.993381142869838,729.3,15.916797556180843,-2.6591099476439792,0.0523213672401563,-2.6714285714285717,0.05830328775157814,0.002674418604651163,0.0027976871988555953,0.0024390243902439024,0.00392720237024104,4.7284999999999995,0.07325943246056765,4.730769230769231,0.09035453353526493,6.962000000000001,0.7865790911705364,7.5,1.4337208778404378,0.5908662938170439,0.018106482918361533,0.5896070645175021,0.020705144090997885,0.6210344774574634,0.022153238503275382,0.623746318458869,0.032109758162021565,0.468405980210028,0.004298054377530541,0.46747858990432867,0.004696738484885236,0.9973255813953488,0.002797687198855595,0.997560975609756,0.003927202370241061,0.6373835622661063,0.0035976451716704144,0.636603431345402,0.004081350552142677,86.0,0.0,123.0,0.0,0.6700538742303449,0.07575189246986225,0.7303657453657454,0.16539258933111878,0.0543,0.014651886492113493,0.05384615384615384,0.01807090670705297,0.09921117776268437,0.02484529679049185,0.0998346689381387,0.03258033150467311,100.0,0.0,143.0,0.0,0.0,0.0,0.0,0.0,0.0,0.0,0.0,0.0,0.0,0.0,0.0,0.0,5.0,0.0,7.0,0.0,0.002674418604651163,0.0027976871988555953,0.0024390243902439024,0.00392720237024104,0.0,0.0,0.0,0.0,0.22000000000000003,0.23944379994757295,0.3,0.4830458915396479,0.0,0.0,0.0,0.0,0.9456999999999999,0.014651886492113481,0.946153846153846,0.018070906707052952,0.0,0.0,0.0,0.0,1.0,0.0,1.0,0.0,0.0,0.0,0.0,0.0,0.5660000000000001,0.11236844159579086,0.6428571428571428,0.20481726826291968,0.434,0.11236844159579086,0.3571428571428571,0.20481726826291968,0.5660000000000001,0.11236844159579086,0.6428571428571428,0.20481726826291968,0.434,0.11236844159579086,0.3571428571428571,0.20481726826291968
26,standard_gaussian_nb,multiclass,"[np.int64(0), np.int64(1), np.int64(2)]",3,0.6590052356020942,0.022640641409506796,0.5666666666666667,0.04941812953158598,0.5084358806284904,0.010599428695704832,0.4629693496312733,0.031158005772474587,0.7226119086325958,0.02143125722663197,0.6425625892874988,0.05752558675214115,0.5072372093023256,0.024665820809024793,0.5080716031935545,0.05514348009168676,0.6590052356020942,0.022640641409506796,0.5666666666666667,0.04941812953158598,0.5720907587646914,0.006457986863651055,0.5782184242767638,0.01859278500694863,0.8264826165417464,0.009856759038760777,0.8313416259699775,0.030887446716033818,0.38994764397905757,0.021829384443080017,0.48608058608058613,0.0493879523612514,0.496894991078417,0.04206319884348405,0.5073629093916935,0.028751356099947084,1.0374869109947644,0.09551309791794312,1.1131868131868132,0.10962456044142885,198.16,18.24300170232715,303.9,29.927505000510074,-1.0374869109947644,0.09551309791794312,-1.1131868131868132,0.10962456044142885,1.1625581395348836,0.2880498532992126,1.2073170731707317,0.26611445015430846,0.8492,0.11163113862677884,0.9804195804195803,0.18133340428937558,2.652,0.2947239763273803,2.1714285714285717,0.9204159564456815,0.696468458598166,0.021219294051414574,0.7081686743995143,0.04168914093234326,0.8149012603677358,0.022992606269149427,0.8292660179612173,0.017432811164724154,0.8724336272038293,0.016546355341712102,0.8958324842816288,0.0279263443036147,0.8065116279069768,0.03852720977017049,0.8317073170731707,0.030189750550967207,0.8365971854558566,0.02176583545138773,0.862125188873617,0.020803647175838103,86.0,0.0,123.0,0.0,0.8274704692051896,0.012177478253398816,0.8154199176714917,0.04521639576579001,0.5572,0.0677131203435986,0.3496503496503497,0.10533448510671332,0.6592417296576218,0.05143050705623417,0.48301991635213853,0.1060399346837657,100.0,0.0,143.0,0.0,0.016368179885055373,0.008909861010191157,0.023402870877171505,0.014008115953250098,0.158,0.09772978620211503,0.34285714285714286,0.2352207435281613,0.029468726771992894,0.016230120048755983,0.0437629436680643,0.02642389309263825,5.0,0.0,7.0,0.0,0.08581395348837209,0.014888968713097058,0.05284552845528455,0.017667215190251082,0.10767441860465117,0.027913435945000287,0.1154471544715447,0.026773092759302914,0.4618818822924271,0.053241772449115085,0.3144811457207136,0.09323172546766235,0.538118117707573,0.05324177244911508,0.6855188542792863,0.09323172546766237,0.1016,0.01732179102877195,0.08251748251748252,0.026740569509930045,0.3412,0.06415744522483556,0.5678321678321678,0.09604182214875964,0.2433438463632675,0.03956713359278133,0.12762053340515542,0.03690843408897578,0.7566561536367324,0.039567133592781335,0.8723794665948444,0.036908434088975775,0.018,0.025733678754158374,0.02857142857142857,0.06023386019368342,0.8240000000000001,0.10823841996054619,0.6285714285714286,0.22537446792760443,0.020499999999999997,0.03166228039797513,0.03666666666666667,0.07769837216465372,0.9795,0.03166228039797512,0.9633333333333335,0.07769837216465371
