seed,fold,class,feature,mean_abs_shap
42,3,0,NP3BRADY_mean,0.15219841513141996
42,3,0,AGE_AT_VISIT,0.126317571282214
42,3,0,NP3BRADY_min,0.12030046726349397
42,3,0,NP2SPCH_min,0.11960693059748932
42,3,0,NP3PRSPR_mean,0.11634959277361168
42,3,0,NP3BRADY_max,0.10953405003598062
42,3,0,NP2SPCH_mean,0.10851488070666038
42,3,0,NP2TRMR_mean,0.10141198979633298
42,3,0,NP3RIGLU_mean,0.09721428826178392
42,3,0,ENRLGBA,0.09720480033957435
42,3,0,NP3FTAPR_min,0.09220121972640108
42,3,0,NP3RTCON_max,0.09058951742172178
42,3,0,NP3PRSPR_min,0.08577311493602467
42,3,0,NP3FACXP_min,0.08555338601161758
42,3,0,NP2SPCH_max,0.08459192979750657
42,3,0,NP3PRSPL_min,0.08380379412137602
42,3,0,NP3FACXP_max,0.0834766986861716
42,3,0,NP3PRSPL_mean,0.08334604472310624
42,3,0,NP3PRSPR_max,0.07867280629862611
42,3,0,NP2TURN_min,0.07741843482057913
42,3,0,NP3RIGLU_min,0.07729654747781564
42,3,0,NP3RTARU_mean,0.07698732238446995
42,3,0,NP3FACXP_mean,0.07572718859021592
42,3,0,NP2WALK_min,0.07519375360967
42,3,0,NP3RTCON_mean,0.07478247989026239
42,3,0,NP3RTCON_min,0.07421395619588264
42,3,0,NP3RTCON_std,0.07412188129836365
42,3,0,NP3RIGRU_min,0.07234961874211493
42,3,0,NP2TRMR_max,0.0714977648914085
42,3,0,NP3HMOVR_mean,0.07147709251621315
42,3,0,NP3GAIT_min,0.07090339850540096
42,3,0,NP3RIGRU_max,0.06885804279747013
42,3,0,NP3RIGRU_mean,0.06872918036825362
42,3,0,NP1FATG_mean,0.06850671516604942
42,3,0,NP1LTHD_min,0.06838956235119573
42,3,0,NP3RTARU_max,0.0682117577321588
42,3,0,NP1SLPD_min,0.06699911228179889
42,3,0,NP3RIGLU_max,0.06675389044760816
42,3,0,NP3RTARU_std,0.06541900376337857
42,3,0,NP3TTAPR_max,0.06503559929051352
42,3,0,NP3BRADY_std,0.0650181981210956
42,3,0,NP3RTALU_mean,0.06460134705710802
42,3,0,NP3PRSPR_std,0.06391934535305421
42,3,0,NP2SALV_var,0.06382076955894761
42,3,0,NP2TURN_mean,0.06334478643332281
42,3,0,NP3LGAGL_mean,0.06322140001742177
42,3,0,NP1SLPD_mean,0.06272297170222924
42,3,0,NP3HMOVL_mean,0.06255592605276063
42,3,0,NP1SLPN_min,0.06233465135414749
42,3,0,NP3FTAPL_min,0.060854065312875565
42,3,0,NP3FTAPR_mean,0.05996999505700888
42,3,0,NP3RIGN_std,0.05980880505423945
42,3,0,NP1FATG_max,0.059743940018342545
42,3,0,NP1DPRS_var,0.05972406454931694
42,3,0,NP1SLPN_mean,0.0591506989846259
42,3,0,NP3GAIT_max,0.05913533016673896
42,3,0,NP2FREZ_var,0.058895816542202446
42,3,0,NP2WALK_mean,0.05803701534263147
42,3,0,NP3RTALU_min,0.05767340312070345
42,3,0,NP3HMOVR_min,0.05710159741207811
42,3,0,NP3PRSPL_std,0.05623209346204813
42,3,0,NP2HOBB_min,0.056073218271656115
42,3,0,NP3PRSPL_max,0.05544680970550027
42,3,0,NP3TTAPR_std,0.055332509553783334
42,3,0,NP3PSTBL_max,0.055098013815056635
42,3,0,NP3RTALU_max,0.05430380779773054
42,3,0,NP3PTRMR_mean,0.0540240569004203
42,3,0,NP3LGAGL_min,0.05368754782838099
42,3,0,NP2HYGN_max,0.05171268650080212
42,3,0,NP3HMOVL_min,0.051591251380538494
42,3,0,NP3RTARU_min,0.0512055169636601
42,3,0,NP1LTHD_mean,0.05102195882443886
42,3,0,NP2DRES_std,0.05029896552066843
42,3,0,NP2HYGN_std,0.050088859043869616
42,3,0,NP3FTAPL_mean,0.049949058962963706
42,3,0,NP3RIGLL_min,0.049820250856731675
42,3,0,NP3RIGRL_max,0.049134247985782656
42,3,0,NP3RTARU_var,0.04884269239206589
42,3,0,NP3PRSPL_var,0.048707794451919466
42,3,0,NP2TRMR_std,0.04818835730358933
42,3,0,NP3PTRML_max,0.04781259461423645
42,3,0,NP3PRSPR_var,0.04757990986476709
42,3,0,NP3TTAPL_max,0.0474568656991143
42,3,0,NP3PTRML_std,0.047155837739117946
42,3,0,NP2TRMR_var,0.04657529167802317
42,3,0,NP3RTALL_max,0.046401753973183774
42,3,0,NP3RIGLL_mean,0.046091408331614174
42,3,0,NP3HMOVL_max,0.04601273615325897
42,3,0,NP3BRADY_var,0.045838816361538734
42,3,0,NP3FTAPL_max,0.045084843467513507
42,3,0,NP2HWRT_min,0.04441747920094243
42,3,0,NP3RIGRL_min,0.04431117805211737
42,3,0,NP3LGAGL_max,0.043921148644455114
42,3,0,NP3LGAGR_mean,0.043541556756955646
42,3,0,NP3GAIT_mean,0.04346126446104038
42,3,0,NP3TTAPL_var,0.04321447381003512
42,3,0,NP3RTCON_var,0.04254399256668521
42,3,0,NP3RIGN_mean,0.042282720023975574
42,3,0,NP3LGAGR_min,0.04225693158373335
42,3,0,NP3RIGLU_std,0.04195104846088706
42,3,0,NP2SALV_mean,0.041747128416891294
42,3,0,NP1CNST_var,0.041380150568607874
42,3,0,NP3FRZGT_std,0.041053300116163365
42,3,0,NP3TTAPL_mean,0.041021755385741036
42,3,0,NP3RIGRL_mean,0.04084355663950881
42,3,0,NP1FATG_std,0.040800381581640115
42,3,0,NP3PTRMR_max,0.040491944761006406
42,3,0,NP2DRES_mean,0.04031710474177414
42,3,0,NP3SPCH_min,0.03993785383308142
42,3,0,NP3KTRMR_mean,0.039839361879924526
42,3,0,NP3FACXP_std,0.03918546961111477
42,3,0,NP3PTRML_var,0.03907109488672251
42,3,0,NP1SLPN_std,0.03886298967978127
42,3,0,NP2TURN_max,0.037908563246996034
42,3,0,NP3PTRMR_std,0.037537406195401
42,3,0,NP2SALV_max,0.03696305800164983
42,3,0,NP2WALK_max,0.03691390102821052
42,3,0,NP3KTRMR_max,0.035259781853829664
42,3,0,NP2TRMR_min,0.0344570752144042
42,3,0,NP3RIGN_max,0.03430395203349156
42,3,0,NP2DRES_min,0.03338886494033427
42,3,0,NP3RTALJ_std,0.03309009100269968
42,3,0,NP2DRES_max,0.032958955345910416
42,3,0,NP2HYGN_var,0.03267475590223951
42,3,0,NP3RISNG_var,0.03247995395549681
42,3,0,NP3FRZGT_min,0.032424731043866534
42,3,0,NP3RTALJ_mean,0.032147464004339696
42,3,0,NP3HMOVR_max,0.0317875909753011
42,3,0,NP1SLPD_max,0.03178535394635013
42,3,0,NP1FATG_var,0.031075095720097857
42,3,0,NP2SALV_std,0.030684991647865034
42,3,0,NP3SPCH_mean,0.030446510795543204
42,3,0,NP3KTRML_mean,0.030030388258941852
42,3,0,NP3TTAPR_mean,0.03002768792902558
42,3,0,NP3RIGRL_std,0.02997499635311994
42,3,0,NP3POSTR_mean,0.029516179878519816
42,3,0,NP2RISE_mean,0.02935027444108287
42,3,0,NP3KTRML_max,0.029311499660905477
42,3,0,NP2HYGN_mean,0.029028780222757452
42,3,0,NP2HWRT_max,0.028759859423830705
42,3,0,NP3RTARL_max,0.027758587711437445
42,3,0,NP2HWRT_mean,0.027651309241116955
42,3,0,NP2TURN_std,0.027451278667707572
42,3,0,NP3RIGLL_max,0.02729799107796291
42,3,0,NP2FREZ_std,0.027215283191630663
42,3,0,NP3KTRML_min,0.027199757623964805
42,3,0,NP2SWAL_mean,0.02688138027022561
42,3,0,NP3RIGRL_var,0.026677236751082634
42,3,0,NP1COG_var,0.026350843288787295
42,3,0,NP1SLPD_var,0.026276786899723074
42,3,0,NP3RIGLL_std,0.026189433726924085
42,3,0,NP2WALK_var,0.02576992187176703
42,3,0,NP3RTALL_mean,0.025593026945220677
42,3,0,NP3PTRML_mean,0.025050349413597205
42,3,0,NP3LGAGR_max,0.024713133499920447
42,3,0,NP3PTRMR_var,0.024349211082708103
42,3,0,NP1URIN_mean,0.024338631172645907
42,3,0,NP3TTAPL_std,0.02414920253903735
42,3,0,NP2FREZ_mean,0.024086033133762334
42,3,0,ENRLLRRK2,0.024010779273618263
42,3,0,NP1CNST_std,0.023952044772690743
42,3,0,NP3PSTBL_mean,0.023817778117516362
42,3,0,NP2HOBB_max,0.023689721861095275
42,3,0,NP3FRZGT_var,0.02329973138308546
42,3,0,NP3PTRML_min,0.023241202340284838
42,3,0,NP2HWRT_std,0.023129857411100265
42,3,0,NP1ANXS_var,0.022960458352848327
42,3,0,NP2RISE_min,0.022947352878753373
42,3,0,NP2HOBB_mean,0.022811757722322776
42,3,0,NP1FATG_min,0.022419424499563745
42,3,0,NP1SLPN_max,0.022205279266794786
42,3,0,NP1URIN_max,0.022140014351337594
42,3,0,NP3FTAPR_max,0.022118504571929022
42,3,0,NP1LTHD_max,0.02194793401897456
42,3,0,NP2SPCH_std,0.02189083376475732
42,3,0,NP2SALV_min,0.021742897964675816
42,3,0,NP3FTAPR_var,0.020866060949472316
42,3,0,NP3LGAGL_std,0.020842336489821242
42,3,0,NP3RTALL_std,0.020838079282518865
42,3,0,NP1COG_max,0.020607045684037793
42,3,0,NP1SLPD_std,0.020371327290014122
42,3,0,NP3TTAPR_min,0.020335576513356282
42,3,0,NP3PSTBL_std,0.02024292203552392
42,3,0,NP2WALK_std,0.01965372383279477
42,3,0,NP1PAIN_std,0.019594226862489225
42,3,0,NP3RTARL_mean,0.019333873803101052
42,3,0,NP3FRZGT_mean,0.018750435248102094
42,3,0,NP1COG_std,0.018667710276461535
42,3,0,NP1DPRS_max,0.018449494357272143
42,3,0,NP1URIN_min,0.01838211766379016
42,3,0,NP2RISE_var,0.018287325865867444
42,3,0,NP1CNST_min,0.018218112568378807
42,3,0,NP2DRES_var,0.017896278735226565
42,3,0,NP3KTRMR_min,0.01788120007454836
42,3,0,NP1PAIN_mean,0.017751226621591835
42,3,0,NP3POSTR_min,0.017708112995830482
42,3,0,NP3RISNG_mean,0.017679570263250278
42,3,0,NP1SLPN_var,0.017263939247744525
42,3,0,NP3RISNG_std,0.017252878160073752
42,3,0,NP2RISE_max,0.016693161590960445
42,3,0,NP1ANXS_std,0.016541509145398325
42,3,0,NP3HMOVR_var,0.01607445032304047
42,3,0,NP3RTARL_std,0.016049730273043666
42,3,0,NP1PAIN_var,0.016027762039015604
42,3,0,NP3RISNG_min,0.01592980558137099
42,3,0,NP3PSTBL_min,0.015801965216400492
42,3,0,NP1LTHD_std,0.01572743327407236
42,3,0,NP3SPCH_max,0.015391278758853441
42,3,0,NP2EAT_max,0.015298087769894143
42,3,0,NP3RTARL_var,0.015248268343599153
42,3,0,NP3FRZGT_max,0.014947719842336418
42,3,0,NP3RISNG_max,0.014883415329203585
42,3,0,NP3RTALU_std,0.014876221221965415
42,3,0,NP3LGAGR_std,0.014620244430700037
42,3,0,NP3SPCH_var,0.0146015892770917
42,3,0,NP1PAIN_max,0.014558991166708767
42,3,0,NP3RIGRU_std,0.014529357689448932
42,3,0,NP3GAIT_std,0.01450025345331414
42,3,0,NP3PSTBL_var,0.014161035099737573
42,3,0,NP1CNST_mean,0.013443500532593555
42,3,0,NP3RTALU_var,0.013396355318650466
42,3,0,NP3FTAPL_var,0.013318426410579233
42,3,0,NP3RIGLU_var,0.013243110275535297
42,3,0,NP1DDS_mean,0.01309651944787001
42,3,0,NP1DPRS_std,0.013073604247385273
42,3,0,NP1APAT_min,0.01294289841897995
42,3,0,NP2HYGN_min,0.012874268679660213
42,3,0,NP1APAT_max,0.012829828088431635
42,3,0,NP2FREZ_min,0.012697225237929849
42,3,0,NP1DDS_var,0.012550261505374085
42,3,0,NP3KTRMR_var,0.012442953052208062
42,3,0,NP3FTAPR_std,0.012389808868619418
42,3,0,NP2HWRT_var,0.012155299302123336
42,3,0,NP2EAT_var,0.012129458839437337
42,3,0,NP3KTRML_std,0.012084488279480119
42,3,0,NP3POSTR_std,0.012073748721146214
42,3,0,NP1HALL_mean,0.01191071921293595
42,3,0,NP3RTALL_var,0.011529063892917414
42,3,0,NP3HMOVL_var,0.01152440911748493
42,3,0,NP1DPRS_mean,0.011364047493193117
42,3,0,NP3LGAGL_var,0.01135402390663032
42,3,0,NP2SWAL_std,0.011060604555331383
42,3,0,NP3RTALJ_var,0.01089879617819214
42,3,0,NP1DPRS_min,0.010839623872272766
42,3,0,NP2FREZ_max,0.010677020013990792
42,3,0,NP1HALL_max,0.010373407936897948
42,3,0,NP3KTRMR_std,0.010307779720285544
42,3,0,EDUCYRS,0.010145408581830422
42,3,0,NP1COG_mean,0.010120727580588828
42,3,0,NP1URIN_var,0.009997606295750283
42,3,0,NP3LGAGR_var,0.009873048111943356
42,3,0,NP3HMOVL_std,0.00978594008770045
42,3,0,NP3GAIT_var,0.00963002233867454
42,3,0,NP2SWAL_min,0.009585915664364817
42,3,0,NP3SPCH_std,0.009446573431903152
42,3,0,NP3POSTR_var,0.009293916555120728
42,3,0,NP1HALL_std,0.009235165338685737
42,3,0,NP2HOBB_std,0.00904657751549352
42,3,0,NP1COG_min,0.009040537859353819
42,3,0,NP3FACXP_var,0.008875828348558138
42,3,0,NP3RIGN_min,0.008874981580313059
42,3,0,NP3POSTR_max,0.008861719134998768
42,3,0,NP1APAT_mean,0.008749198442430056
42,3,0,NP2TURN_var,0.00866257077080396
42,3,0,NP3FTAPL_std,0.008094298403870116
42,3,0,NP3RIGRU_var,0.007840439765953057
42,3,0,NP1PAIN_min,0.007825292963531854
42,3,0,NP1URIN_std,0.007818468542360828
42,3,0,NP3TTAPL_min,0.00766885335301043
42,3,0,SEX,0.007299967490274453
42,3,0,NP1ANXS_min,0.006990366299857162
42,3,0,NP1LTHD_var,0.006988439095934617
42,3,0,NP3RTALJ_max,0.006909622041138988
42,3,0,NP3KTRML_var,0.006867567233024278
42,3,0,NP1ANXS_max,0.0067678844169364325
42,3,0,NP2SPCH_var,0.006562342600386295
42,3,0,NP1HALL_var,0.006497318744782096
42,3,0,NP2EAT_mean,0.006487459021688722
42,3,0,NP3RIGLL_var,0.006104634100784611
42,3,0,NP2EAT_min,0.006028586341689746
42,3,0,NP1APAT_std,0.005975530551102485
42,3,0,NP3RIGN_var,0.005787741391853116
42,3,0,NP1DDS_max,0.005519823207444566
42,3,0,NP2RISE_std,0.005510551231602675
42,3,0,NP3TTAPR_var,0.005461423402949948
42,3,0,NP3RTALL_min,0.005460668685718743
42,3,0,NP1APAT_var,0.00541108606695223
42,3,0,NP2SWAL_var,0.005154034444003933
42,3,0,NP1DDS_std,0.005122682918861722
42,3,0,NP2HOBB_var,0.005071083189254092
42,3,0,NP3HMOVR_std,0.005058843795187019
42,3,0,NP1ANXS_mean,0.005035701255992992
42,3,0,NP3PTRMR_min,0.0047205920148459
42,3,0,NP3RTALJ_min,0.004638426789588356
42,3,0,NP2SWAL_max,0.004349954838097649
42,3,0,NP1HALL_min,0.004310939748736698
42,3,0,NP1CNST_max,0.004116668899611836
42,3,0,RAWHITE,0.004086319791768178
42,3,0,NP2EAT_std,0.0031238916984275
42,3,0,NP3RTARL_min,0.0013425798719229032
42,3,0,NP1DDS_min,0.0
42,3,1,AGE_AT_VISIT,0.09524635670457711
42,3,1,NP3PSTBL_max,0.08351638239816897
42,3,1,NP3BRADY_mean,0.08073637415784533
42,3,1,NP3PSTBL_mean,0.07891167526408886
42,3,1,NP3RISNG_mean,0.070516866756903
42,3,1,NP3RTCON_max,0.06847638912651674
42,3,1,NP3RTARU_mean,0.06686704297680508
42,3,1,NP2TRMR_mean,0.06539766757737182
42,3,1,NP3RTARU_max,0.06523625399365093
42,3,1,NP3PRSPR_mean,0.06236355148594399
42,3,1,ENRLGBA,0.06147532718558572
42,3,1,NP3BRADY_max,0.06139132658416439
42,3,1,NP3PRSPR_min,0.05999910284347845
42,3,1,NP1SLPD_min,0.05977498310226768
42,3,1,NP2TRMR_max,0.0595505691573443
42,3,1,NP2HOBB_min,0.05878573366625407
42,3,1,NP3RIGRU_min,0.05815507378281659
42,3,1,NP3RISNG_max,0.056317457901748295
42,3,1,NP3FTAPR_min,0.05602997400764499
42,3,1,NP3RTCON_std,0.05503955962180074
42,3,1,NP3BRADY_min,0.05219916908695998
42,3,1,NP3PRSPR_max,0.0520819000347657
42,3,1,NP3BRADY_std,0.04959955051236111
42,3,1,NP3FACXP_max,0.04957895842482998
42,3,1,NP3RIGRU_mean,0.04899333874987071
42,3,1,NP3PSTBL_min,0.048726592938422186
42,3,1,NP1SLPN_min,0.04853970665242797
42,3,1,NP3RTCON_min,0.04850302123250754
42,3,1,NP3RTCON_mean,0.04843804884077617
42,3,1,NP3PSTBL_std,0.048129926549720224
42,3,1,NP1SLPD_mean,0.047731915684335914
42,3,1,NP3RTARU_var,0.047414720618062574
42,3,1,NP3PRSPR_std,0.047007961085668015
42,3,1,NP3FRZGT_std,0.04582671864732268
42,3,1,NP3KTRMR_mean,0.04555755205858809
42,3,1,NP3FACXP_min,0.04394031401332881
42,3,1,NP3KTRMR_max,0.043471047403458155
42,3,1,NP3HMOVR_mean,0.043388975559877654
42,3,1,NP2SALV_mean,0.04283395598245379
42,3,1,NP3HMOVR_min,0.04268574130897313
42,3,1,NP1LTHD_min,0.04185653630564495
42,3,1,NP3RTARU_std,0.04177809701550924
42,3,1,NP3RTALU_min,0.04177260082268725
42,3,1,NP3RIGN_std,0.04174415754486009
42,3,1,NP1SLPD_var,0.041538472805504004
42,3,1,NP3FTAPR_mean,0.039977524313540035
42,3,1,NP3RTARU_min,0.039894646526457966
42,3,1,NP3PRSPL_mean,0.03973765701648849
42,3,1,NP1FATG_mean,0.03942542766801001
42,3,1,NP3PRSPR_var,0.03934912974541422
42,3,1,NP2WALK_min,0.03902587278642667
42,3,1,NP3PRSPL_min,0.038754667340246136
42,3,1,NP3POSTR_mean,0.03850102813697367
42,3,1,NP3RTALJ_mean,0.03810485211182124
42,3,1,NP3RIGLU_max,0.03783379803148645
42,3,1,NP3RIGLU_mean,0.037684556146552764
42,3,1,NP3KTRMR_min,0.03653157844804689
42,3,1,NP3FRZGT_max,0.03631010136844358
42,3,1,NP1SLPD_std,0.03500006296836223
42,3,1,NP3FACXP_std,0.03485149371880152
42,3,1,NP3RIGLU_min,0.03470625809248632
42,3,1,NP3PSTBL_var,0.03380766019717379
42,3,1,NP2TRMR_min,0.03372216114750053
42,3,1,NP1SLPN_mean,0.03346357878188147
42,3,1,NP2SALV_var,0.03343400236376177
42,3,1,NP3FACXP_mean,0.033200784800171586
42,3,1,NP1DPRS_var,0.032354866456851365
42,3,1,NP2SPCH_var,0.032136324488097945
42,3,1,NP1URIN_min,0.03182692761164642
42,3,1,NP3RISNG_min,0.03178851102544708
42,3,1,NP2FREZ_mean,0.03178210142383453
42,3,1,NP3FTAPL_max,0.03138017551432471
42,3,1,NP2SPCH_min,0.03103609821730804
42,3,1,NP2HWRT_max,0.03098765952921866
42,3,1,NP2TRMR_std,0.03052418435546758
42,3,1,NP3KTRML_mean,0.03036669489632701
42,3,1,NP1FATG_max,0.030023141529616378
42,3,1,NP1LTHD_mean,0.029944845201073055
42,3,1,NP1URIN_mean,0.029366540109231565
42,3,1,NP3RTCON_var,0.029164686853087974
42,3,1,NP3FTAPR_max,0.02909635938287344
42,3,1,NP2HWRT_mean,0.028800424813595585
42,3,1,NP3BRADY_var,0.028651931385144006
42,3,1,NP2EAT_mean,0.028625156584925412
42,3,1,NP3HMOVL_mean,0.028504922868221427
42,3,1,NP3RISNG_std,0.028288002280133263
42,3,1,NP3PRSPL_max,0.027515106750437623
42,3,1,NP3RTALU_mean,0.027330445098519476
42,3,1,NP2TRMR_var,0.02685121212265451
42,3,1,NP3RIGRU_max,0.025636586561309047
42,3,1,NP2HWRT_min,0.02547890960260176
42,3,1,NP2SPCH_mean,0.025405108820973084
42,3,1,NP2EAT_max,0.02478093676212478
42,3,1,NP3RTALJ_var,0.02437013758578386
42,3,1,NP1COG_max,0.024344189064905503
42,3,1,NP2SALV_min,0.02417482621508361
42,3,1,NP1SLPN_std,0.0240600508096759
42,3,1,NP3RTALU_max,0.02391738374491958
42,3,1,NP1SLPN_max,0.02385728215890036
42,3,1,NP3KTRMR_var,0.023579841683884467
42,3,1,NP2RISE_mean,0.0234203260999824
42,3,1,NP3RTALJ_max,0.02314810208021617
42,3,1,NP2SALV_max,0.022671942703450507
42,3,1,NP3RIGLU_std,0.022666633430381434
42,3,1,NP3PRSPL_var,0.022309250551081582
42,3,1,NP1URIN_max,0.0221847692398063
42,3,1,NP2FREZ_max,0.02215856299321569
42,3,1,NP3FRZGT_var,0.022072209866364337
42,3,1,NP3RTALJ_std,0.021971592490770814
42,3,1,NP2HOBB_mean,0.02153599314532647
42,3,1,NP3KTRML_max,0.02119218067873518
42,3,1,NP3LGAGR_var,0.021192015005916776
42,3,1,NP3RTARL_std,0.021003148574657862
42,3,1,NP3TTAPL_var,0.020735405128744385
42,3,1,NP3RTARL_mean,0.02064464152038321
42,3,1,NP2HYGN_std,0.02054641083500929
42,3,1,NP3RTARL_max,0.020247872802859022
42,3,1,NP1DPRS_max,0.01977048128594846
42,3,1,NP1FATG_std,0.019685962228233937
42,3,1,NP3HMOVL_max,0.0195749130226999
42,3,1,NP3RISNG_var,0.01919586603927082
42,3,1,NP2DRES_max,0.019123726994659033
42,3,1,NP2HOBB_max,0.019034827543492637
42,3,1,NP3HMOVR_max,0.018985505467461354
42,3,1,NP2FREZ_std,0.018695271877900058
42,3,1,NP1LTHD_max,0.01835904918140421
42,3,1,NP3PTRMR_max,0.018344946781379847
42,3,1,NP2HWRT_std,0.018293847123702193
42,3,1,NP3FACXP_var,0.018204519378778684
42,3,1,NP3FTAPL_var,0.018147881129525485
42,3,1,NP3PTRMR_mean,0.018133564732559764
42,3,1,NP3GAIT_min,0.017864337537647417
42,3,1,NP1COG_var,0.017779634838904684
42,3,1,NP2RISE_min,0.01768602953398646
42,3,1,NP3PTRML_std,0.017677621212267285
42,3,1,NP3RTARL_var,0.017623127264847226
42,3,1,NP1CNST_var,0.017316854589472415
42,3,1,NP1FATG_var,0.01722518460058778
42,3,1,NP3FRZGT_mean,0.017123052869062284
42,3,1,NP3PRSPL_std,0.016855245422503197
42,3,1,NP3RTALU_std,0.016237877346522392
42,3,1,NP2HYGN_min,0.016053165675179233
42,3,1,NP3RIGN_max,0.015913825600054783
42,3,1,NP3TTAPL_min,0.015680895064299764
42,3,1,NP3KTRML_min,0.015659109537923623
42,3,1,NP3RIGN_var,0.015597714015463933
42,3,1,NP3POSTR_max,0.015542250485381133
42,3,1,NP2WALK_std,0.01550387159949886
42,3,1,NP3PTRML_max,0.015477857669835539
42,3,1,NP3POSTR_std,0.015368799241731675
42,3,1,NP2RISE_max,0.015346499990812121
42,3,1,NP3FTAPL_std,0.01517571670835955
42,3,1,NP1DPRS_mean,0.014760605727226334
42,3,1,NP3PTRML_mean,0.01471565374656345
42,3,1,NP3RIGRL_max,0.014712033880819823
42,3,1,NP2DRES_min,0.014538587826194079
42,3,1,NP3RIGRU_var,0.014133813269066889
42,3,1,NP3PTRML_var,0.014128435212054383
42,3,1,NP2EAT_min,0.014025055503551948
42,3,1,NP1CNST_std,0.013988844770640446
42,3,1,NP2TURN_min,0.013558673336752957
42,3,1,NP2TURN_std,0.013455221658486307
42,3,1,NP2SPCH_std,0.013314451064428143
42,3,1,NP3TTAPR_max,0.013183630646697597
42,3,1,NP3PTRML_min,0.01316783932015263
42,3,1,NP3LGAGR_mean,0.012788522342751057
42,3,1,NP3GAIT_var,0.012725235664559902
42,3,1,NP2TURN_var,0.012647928381829375
42,3,1,NP3LGAGR_min,0.012573101682651706
42,3,1,NP2EAT_std,0.012570209756280266
42,3,1,NP3POSTR_min,0.01230102429040019
42,3,1,NP3SPCH_max,0.012203083658398325
42,3,1,NP3GAIT_max,0.012163876993210206
42,3,1,NP2EAT_var,0.012034039073605323
42,3,1,NP2FREZ_var,0.011862102142497128
42,3,1,NP3RIGRL_min,0.011680516964423944
42,3,1,NP3RIGN_min,0.011544908103146373
42,3,1,NP3FRZGT_min,0.011520858806285846
42,3,1,NP1SLPD_max,0.011459564502187224
42,3,1,NP3FTAPL_mean,0.011393676915312964
42,3,1,NP3TTAPR_min,0.011343710686631286
42,3,1,NP1HALL_max,0.01129427924605689
42,3,1,NP3GAIT_mean,0.011216317740747802
42,3,1,NP3HMOVL_min,0.010893731708583432
42,3,1,NP2HYGN_var,0.010888961032814006
42,3,1,NP1HALL_std,0.010883111798390056
42,3,1,NP3FTAPL_min,0.01083292717255168
42,3,1,NP1ANXS_var,0.010624791616853084
42,3,1,NP2HOBB_std,0.010533945163857809
42,3,1,NP3HMOVL_var,0.010503192390372158
42,3,1,NP3LGAGR_std,0.010343576787528093
42,3,1,NP3TTAPL_max,0.010310659501477644
42,3,1,NP2WALK_mean,0.010297415268213268
42,3,1,NP3RIGLL_std,0.010259163126420246
42,3,1,NP1APAT_min,0.010155190760966592
42,3,1,NP3TTAPL_std,0.010137785547090671
42,3,1,NP3HMOVL_std,0.010128992317939274
42,3,1,NP3SPCH_var,0.009889087651928741
42,3,1,NP1DPRS_std,0.00975540155946079
42,3,1,NP3SPCH_std,0.009750516554866818
42,3,1,NP1DPRS_min,0.009743492739794992
42,3,1,NP1APAT_var,0.009723093520034948
42,3,1,NP2SALV_std,0.009536065307669964
42,3,1,NP2SPCH_max,0.009521046170487798
42,3,1,NP2WALK_max,0.009501775087885021
42,3,1,NP1CNST_mean,0.009330918009330533
42,3,1,NP3LGAGL_min,0.009316807337495396
42,3,1,NP3HMOVR_var,0.0093073062399101
42,3,1,NP3KTRMR_std,0.009225499002587135
42,3,1,NP1HALL_var,0.009198528130086701
42,3,1,NP2SWAL_std,0.008734283223274197
42,3,1,NP3RIGLL_min,0.008709614361934613
42,3,1,NP3RIGLU_var,0.008708207562524531
42,3,1,NP1HALL_min,0.00868869147958311
42,3,1,NP3PTRMR_min,0.008636618647773115
42,3,1,NP2HWRT_var,0.008385870788159295
42,3,1,NP2HOBB_var,0.008151782369413345
42,3,1,NP2HYGN_max,0.008114754984797648
42,3,1,NP3RIGRL_var,0.008095801954219698
42,3,1,NP2WALK_var,0.008026913307641962
42,3,1,NP1DDS_std,0.007906505080586691
42,3,1,NP1URIN_var,0.007798871805117517
42,3,1,NP3LGAGL_mean,0.007768284407529279
42,3,1,NP1PAIN_std,0.007645761960538854
42,3,1,NP2DRES_mean,0.0075978148623029205
42,3,1,NP2SWAL_mean,0.0075898963683314275
42,3,1,NP3POSTR_var,0.0075537116319025705
42,3,1,NP3TTAPR_std,0.0075467613025855034
42,3,1,ENRLLRRK2,0.007437528083543123
42,3,1,NP1DDS_var,0.007286276193074865
42,3,1,NP3FTAPR_std,0.007204273419859889
42,3,1,NP3PTRMR_var,0.007160833459959456
42,3,1,NP3RIGRU_std,0.006982899772094623
42,3,1,NP3HMOVR_std,0.006952040957115154
42,3,1,NP1DDS_mean,0.006942170968122346
42,3,1,NP1ANXS_std,0.006854366585580767
42,3,1,NP2FREZ_min,0.006753959489396883
42,3,1,NP3FTAPR_var,0.006723043117665194
42,3,1,SEX,0.006704213727340876
42,3,1,NP3PTRMR_std,0.006601558040173837
42,3,1,NP3RTALU_var,0.006519368944340822
42,3,1,NP1FATG_min,0.006463503931462337
42,3,1,NP2RISE_var,0.006405148911352375
42,3,1,NP3GAIT_std,0.006349125053750111
42,3,1,NP1PAIN_min,0.006314317519506183
42,3,1,NP3LGAGL_var,0.006307419030362088
42,3,1,NP1HALL_mean,0.0062017340619753385
42,3,1,NP3RIGRL_mean,0.006145498356874889
42,3,1,NP1COG_mean,0.006144260891164908
42,3,1,NP3SPCH_mean,0.005969370593121034
42,3,1,NP3LGAGL_std,0.005905372238100545
42,3,1,NP2HYGN_mean,0.005726427030109475
42,3,1,NP3RIGLL_max,0.005655973270262235
42,3,1,NP3LGAGL_max,0.005580751422168611
42,3,1,EDUCYRS,0.005577741438787031
42,3,1,RAWHITE,0.005517363160028996
42,3,1,NP2TURN_max,0.005433257680632803
42,3,1,NP3RIGLL_mean,0.005372909855097844
42,3,1,NP2SWAL_max,0.00536875433109571
42,3,1,NP1LTHD_std,0.005171168904317091
42,3,1,NP3TTAPL_mean,0.005125582234406033
42,3,1,NP3SPCH_min,0.005025521911668757
42,3,1,NP1PAIN_max,0.005010723661925142
42,3,1,NP3RTALL_max,0.004934516592296867
42,3,1,NP2RISE_std,0.004932354839492622
42,3,1,NP1CNST_max,0.0049320856658048706
42,3,1,NP2DRES_var,0.004799561934413838
42,3,1,NP3RTALL_mean,0.004675510811577298
42,3,1,NP3KTRML_var,0.0046392996608869965
42,3,1,NP3KTRML_std,0.004632082213698468
42,3,1,NP3RIGRL_std,0.00462781170789186
42,3,1,NP1APAT_max,0.004614209422731547
42,3,1,NP2TURN_mean,0.004574356337959923
42,3,1,NP1LTHD_var,0.0044988797038949865
42,3,1,NP2DRES_std,0.004494828871178474
42,3,1,NP3LGAGR_max,0.004410313654214291
42,3,1,NP1CNST_min,0.004390789849715897
42,3,1,NP1COG_std,0.004367168697297882
42,3,1,NP1APAT_std,0.00433195514956301
42,3,1,NP1ANXS_max,0.004313509271181576
42,3,1,NP1ANXS_min,0.004086149329413587
42,3,1,NP1COG_min,0.004045952888394937
42,3,1,NP2SWAL_var,0.003927159145430601
42,3,1,NP1PAIN_var,0.003916327316307373
42,3,1,NP1SLPN_var,0.0038721155991047816
42,3,1,NP1APAT_mean,0.00372558430483674
42,3,1,NP2SWAL_min,0.0036791795786338534
42,3,1,NP1URIN_std,0.0036675845166310142
42,3,1,NP3TTAPR_mean,0.003428485139702613
42,3,1,NP1ANXS_mean,0.0033553389826841084
42,3,1,NP3RIGN_mean,0.003216373344405786
42,3,1,NP3TTAPR_var,0.003156538836459347
42,3,1,NP3RTALL_var,0.0028650868140164096
42,3,1,NP3RIGLL_var,0.0026783252677226757
42,3,1,NP3RTALL_std,0.002493779174998166
42,3,1,NP1PAIN_mean,0.002458573108047245
42,3,1,NP3RTALL_min,0.0019491666304302135
42,3,1,NP1DDS_max,0.001762617025816339
42,3,1,NP3RTALJ_min,0.0015317613453867673
42,3,1,NP3RTARL_min,0.000983352052343943
42,3,1,NP1DDS_min,0.0
42,3,2,ENRLGBA,0.12566773481517043
42,3,2,NP3BRADY_mean,0.11596115899929788
42,3,2,NP2SPCH_mean,0.10689842522762767
42,3,2,AGE_AT_VISIT,0.10391614529612478
42,3,2,NP3BRADY_min,0.10281963105437122
42,3,2,NP2SPCH_max,0.09594285012493715
42,3,2,NP1LTHD_min,0.09071989316215201
42,3,2,NP1FATG_mean,0.08830666508016172
42,3,2,NP3RIGLU_mean,0.0859718792299791
42,3,2,NP3RIGRU_min,0.0817751960260183
42,3,2,NP2WALK_min,0.080299096967659
42,3,2,NP2SPCH_min,0.0797125385020002
42,3,2,NP3FTAPR_min,0.07955949505218109
42,3,2,NP3BRADY_max,0.07829690328957876
42,3,2,NP3TTAPR_max,0.07721706130565888
42,3,2,NP3FACXP_min,0.07699409728446817
42,3,2,NP3RTARU_std,0.07693781335903456
42,3,2,NP3RIGRU_mean,0.0762931551565525
42,3,2,NP1LTHD_mean,0.07584787587107326
42,3,2,NP2TRMR_mean,0.07531179883925572
42,3,2,NP3PRSPR_mean,0.07446483420291279
42,3,2,NP2DRES_mean,0.07394317007714979
42,3,2,NP2SALV_var,0.07372636734835603
42,3,2,NP3RIGRL_max,0.07327595353873506
42,3,2,NP3RTCON_max,0.07140610653106537
42,3,2,NP3FACXP_mean,0.07086411997071235
42,3,2,NP3PTRMR_std,0.06907650098022745
42,3,2,NP3PTRMR_mean,0.06901183668551317
42,3,2,NP1FATG_max,0.06879374884611206
42,3,2,NP3PRSPL_mean,0.06775625540473414
42,3,2,NP3PRSPL_std,0.06716177189721496
42,3,2,NP3RIGLU_min,0.06625010682710385
42,3,2,NP2TRMR_max,0.0653813796126985
42,3,2,NP1SLPD_min,0.06392835032601725
42,3,2,NP2TURN_min,0.06385568243744363
42,3,2,NP3PTRMR_max,0.06299308316722242
42,3,2,NP3FACXP_max,0.06281853836761854
42,3,2,NP3RTARU_max,0.06281293480467502
42,3,2,NP3PRSPL_min,0.06274864180268296
42,3,2,NP3RIGRL_mean,0.06234542690124965
42,3,2,NP3RTCON_std,0.061254022552737354
42,3,2,NP2HOBB_min,0.06117783398724164
42,3,2,NP3RIGN_std,0.06114515528375017
42,3,2,NP3RIGRL_std,0.05981957577928701
42,3,2,NP2DRES_max,0.05962915722050397
42,3,2,NP1SLPD_mean,0.059610028830085274
42,3,2,NP2DRES_std,0.05936578463545328
42,3,2,ENRLLRRK2,0.05864219326492246
42,3,2,NP3GAIT_min,0.05780799906542233
42,3,2,NP3PRSPR_min,0.05610848505544466
42,3,2,NP3PTRML_std,0.05573758643535845
42,3,2,NP2SALV_std,0.0557042366063127
42,3,2,NP3PRSPL_max,0.0555800023160949
42,3,2,NP3PTRML_max,0.054622747006177384
42,3,2,NP1SLPN_min,0.05418208838274159
42,3,2,NP3PTRML_var,0.05416928460768631
42,3,2,NP3RTARU_var,0.05287551453599548
42,3,2,NP3RIGLL_mean,0.05160041120164836
42,3,2,NP3TTAPR_std,0.05096679970381518
42,3,2,NP1DPRS_var,0.05064536772494841
42,3,2,NP2TRMR_std,0.05053182341655287
42,3,2,NP3RTCON_mean,0.05033921691801921
42,3,2,NP1PAIN_max,0.05015743809246183
42,3,2,NP3LGAGR_mean,0.04996146005770213
42,3,2,NP1FATG_std,0.04954967399838199
42,3,2,NP1SLPN_mean,0.049317377437439545
42,3,2,NP3PRSPR_max,0.049209532279009385
42,3,2,NP3RIGRU_max,0.048389950949122865
42,3,2,NP3RIGLU_max,0.047631409589475836
42,3,2,NP3PSTBL_max,0.04705362310794244
42,3,2,NP3RTCON_min,0.04689304598620318
42,3,2,NP1FATG_min,0.04688457640240416
42,3,2,NP3TTAPL_max,0.04679362272352187
42,3,2,NP3RTARU_mean,0.04678149850107116
42,3,2,NP1SLPD_max,0.04655034458218407
42,3,2,NP2FREZ_var,0.04630476498380288
42,3,2,NP3RTALU_max,0.046132793701906774
42,3,2,NP2TURN_mean,0.046010605948939264
42,3,2,NP3LGAGR_min,0.04576986686556996
42,3,2,NP3RIGN_max,0.04498805805121545
42,3,2,NP3HMOVR_mean,0.04444274113839892
42,3,2,NP1PAIN_std,0.04442066843243705
42,3,2,NP1ANXS_var,0.04432115318588492
42,3,2,NP3LGAGL_max,0.04413089917370841
42,3,2,NP3LGAGL_min,0.044000917576706156
42,3,2,NP2DRES_min,0.04393933612202321
42,3,2,NP3HMOVL_min,0.04364552817285945
42,3,2,NP3PTRMR_var,0.04358337180706023
42,3,2,NP3RIGRL_var,0.043404118105187156
42,3,2,NP3PTRML_mean,0.04337818664533416
42,3,2,NP3FTAPR_mean,0.04285647981470601
42,3,2,NP3LGAGL_mean,0.041893561007165764
42,3,2,NP1CNST_var,0.04171114577835689
42,3,2,NP3HMOVL_mean,0.041678987755115283
42,3,2,NP3RTALU_min,0.041652278419586686
42,3,2,NP3RIGN_mean,0.04152383545621044
42,3,2,NP3HMOVR_min,0.04143664386586175
42,3,2,NP2WALK_max,0.040987033007533126
42,3,2,NP3RTALU_mean,0.040465721266943956
42,3,2,NP2SALV_mean,0.0402488681452716
42,3,2,NP3GAIT_max,0.04015955053615807
42,3,2,NP1URIN_min,0.04008950321849802
42,3,2,NP2WALK_mean,0.03963086535687958
42,3,2,NP3RTALJ_std,0.03890979418355551
42,3,2,NP2TRMR_var,0.03886823168243081
42,3,2,NP3SPCH_min,0.03845125764090464
42,3,2,NP3BRADY_std,0.03822644096840511
42,3,2,NP1LTHD_max,0.03769765161153416
42,3,2,NP3TTAPL_std,0.03766599626841691
42,3,2,NP3GAIT_mean,0.03730476069479941
42,3,2,NP3FRZGT_max,0.036556257832545354
42,3,2,NP3TTAPL_mean,0.03635431460708433
42,3,2,NP3KTRML_mean,0.036334869358455514
42,3,2,NP3POSTR_min,0.03605626805169519
42,3,2,NP3RIGLL_std,0.03555378383654712
42,3,2,NP2HYGN_std,0.03539587643908897
42,3,2,NP2FREZ_std,0.03502833475593272
42,3,2,NP3HMOVL_var,0.03496492841325396
42,3,2,NP3LGAGR_max,0.03496281760961216
42,3,2,NP3SPCH_mean,0.034727914906640046
42,3,2,NP3PRSPR_std,0.03470104447380767
42,3,2,NP3RIGLL_min,0.03418393942982754
42,3,2,NP2TURN_max,0.034074152746700385
42,3,2,NP3TTAPL_var,0.033332789749490395
42,3,2,NP3RTALJ_mean,0.0327939608827414
42,3,2,NP3FTAPL_min,0.032747335974945425
42,3,2,NP3PRSPL_var,0.03245171812906502
42,3,2,NP1URIN_max,0.03152769059011119
42,3,2,NP3FRZGT_mean,0.031458888881526426
42,3,2,NP2SALV_max,0.03106247536019804
42,3,2,NP1CNST_std,0.030272775083428446
42,3,2,NP2SPCH_std,0.03017273330988102
42,3,2,NP3BRADY_var,0.02920700456445617
42,3,2,NP1SLPN_var,0.028914551526485782
42,3,2,NP2DRES_var,0.028747852784788894
42,3,2,NP1FATG_var,0.028565037878728262
42,3,2,NP3TTAPR_mean,0.028425323714005968
42,3,2,NP3RIGLL_max,0.02814881292988951
42,3,2,NP3RIGRL_min,0.028050413831817857
42,3,2,NP1URIN_var,0.028026986005791926
42,3,2,NP3RTARU_min,0.027661724340006258
42,3,2,NP3RTARL_std,0.027519313855878233
42,3,2,NP1ANXS_std,0.027504676224907047
42,3,2,NP3FRZGT_std,0.02731587812593028
42,3,2,NP1COG_mean,0.027260844939581055
42,3,2,NP2HYGN_max,0.027148329564564633
42,3,2,NP2HWRT_min,0.02694491646948009
42,3,2,NP3KTRML_max,0.02662746208847431
42,3,2,NP3PRSPR_var,0.026250985069507612
42,3,2,NP3PSTBL_std,0.0262047471768004
42,3,2,NP3KTRML_min,0.025397046519647422
42,3,2,NP2HYGN_var,0.025242776017900738
42,3,2,NP3PSTBL_var,0.02502561050800167
42,3,2,NP3POSTR_max,0.024926934003724557
42,3,2,NP3RTARL_max,0.024887580632462818
42,3,2,NP2SWAL_mean,0.024789472171574754
42,3,2,NP1URIN_mean,0.024422083947713582
42,3,2,NP3LGAGR_std,0.02439383468816565
42,3,2,NP3FTAPL_max,0.02408067492403255
42,3,2,NP3RISNG_std,0.023827395302720683
42,3,2,NP3RTALL_max,0.023612403273643008
42,3,2,NP3TTAPR_min,0.023403880673882972
42,3,2,NP2HYGN_mean,0.023245789228954258
42,3,2,NP3PSTBL_mean,0.023189968755458156
42,3,2,NP3RTCON_var,0.023172339219421613
42,3,2,NP3FTAPL_mean,0.023156063085399508
42,3,2,NP3RTALJ_var,0.02283873974425646
42,3,2,NP3HMOVL_std,0.022632992576356318
42,3,2,NP3RISNG_min,0.022493053565319283
42,3,2,NP3LGAGL_std,0.0224089448887687
42,3,2,NP3PTRML_min,0.0223961075775125
42,3,2,NP3RISNG_mean,0.02173677185407361
42,3,2,NP2RISE_max,0.020675405815656234
42,3,2,NP3FTAPR_var,0.020377913120962945
42,3,2,NP3PSTBL_min,0.020104631561243265
42,3,2,NP1SLPN_std,0.01984721346762553
42,3,2,NP3RTALU_var,0.019649837930399407
42,3,2,NP3FTAPR_max,0.018749237045709275
42,3,2,NP1COG_max,0.01856544324407856
42,3,2,NP3RTALJ_max,0.01845519650003021
42,3,2,NP2FREZ_mean,0.018361453075193164
42,3,2,NP1SLPN_max,0.01790071167536878
42,3,2,NP3KTRMR_max,0.017732803619639668
42,3,2,NP3RIGLU_std,0.017685445499705046
42,3,2,NP3RTALL_std,0.01757612305568111
42,3,2,NP2RISE_var,0.017551014070890377
42,3,2,NP1DPRS_std,0.017358818005078318
42,3,2,NP3KTRML_std,0.01713622261338071
42,3,2,EDUCYRS,0.017005199433879663
42,3,2,NP1PAIN_mean,0.016958417426474616
42,3,2,NP3RTALU_std,0.01689609602156081
42,3,2,NP3HMOVL_max,0.016838272670921337
42,3,2,NP3RTALL_mean,0.01653051722615585
42,3,2,NP1COG_std,0.016512671698354377
42,3,2,NP1SLPD_var,0.015859514132537857
42,3,2,NP2HOBB_max,0.015730515361256355
42,3,2,NP3FACXP_std,0.015529319427409365
42,3,2,NP3RIGN_var,0.015282290797394675
42,3,2,NP1DPRS_max,0.015205375483420424
42,3,2,NP1ANXS_max,0.015073340161655967
42,3,2,NP1COG_var,0.01469924323265912
42,3,2,NP3FTAPR_std,0.014235430601025844
42,3,2,NP3SPCH_max,0.014219825188563252
42,3,2,NP3FRZGT_min,0.014015117846919625
42,3,2,NP2HOBB_std,0.013894988251845061
42,3,2,NP3FTAPL_var,0.013619005522073359
42,3,2,NP3LGAGR_var,0.013304170575870586
42,3,2,NP3RTARL_var,0.01311359024373548
42,3,2,NP3KTRMR_mean,0.013104919437244069
42,3,2,NP2FREZ_min,0.013070656914735461
42,3,2,NP1DDS_std,0.012878628392726714
42,3,2,NP2FREZ_max,0.01265303867612318
42,3,2,NP2HOBB_var,0.012652377886044189
42,3,2,NP3GAIT_var,0.012581930467764117
42,3,2,NP1LTHD_std,0.012289423999220811
42,3,2,NP3HMOVR_max,0.012264149960580329
42,3,2,NP2SWAL_var,0.012257809177886927
42,3,2,NP1CNST_min,0.011954537125833291
42,3,2,RAWHITE,0.011902092105738931
42,3,2,NP1APAT_max,0.01149821804153089
42,3,2,NP1CNST_mean,0.011497907786564916
42,3,2,NP3GAIT_std,0.010883810916954948
42,3,2,NP3RISNG_max,0.010394789698959793
42,3,2,NP2TRMR_min,0.010255481601567484
42,3,2,NP2TURN_std,0.010245811324911593
42,3,2,NP3FRZGT_var,0.010124221255911657
42,3,2,NP3POSTR_mean,0.01001119092269428
42,3,2,NP1LTHD_var,0.010006171102045982
42,3,2,NP3PTRMR_min,0.009837903498564728
42,3,2,NP1COG_min,0.009826782024423905
42,3,2,NP3POSTR_std,0.009622694930363978
42,3,2,NP1SLPD_std,0.009567042957699775
42,3,2,NP3RTARL_mean,0.009530308322622418
42,3,2,NP2TURN_var,0.009513425124689298
42,3,2,NP2SALV_min,0.009468363641143111
42,3,2,NP2SWAL_max,0.009328081887407542
42,3,2,NP3POSTR_var,0.009198681948977026
42,3,2,NP3SPCH_var,0.009129706667675227
42,3,2,NP1ANXS_min,0.00910104305975259
42,3,2,NP3KTRMR_min,0.00897508431109007
42,3,2,NP2SWAL_std,0.008910971401627736
42,3,2,NP3KTRML_var,0.008871105785799303
42,3,2,NP1APAT_var,0.008814608887639647
42,3,2,NP2HWRT_mean,0.008785196670057204
42,3,2,NP2HWRT_std,0.008747452390517529
42,3,2,NP3TTAPL_min,0.008638094432644459
42,3,2,NP1DPRS_mean,0.008421751150348938
42,3,2,NP3KTRMR_std,0.008405224430204706
42,3,2,SEX,0.008398133502567056
42,3,2,NP1APAT_mean,0.008351186366620064
42,3,2,NP3RTALL_var,0.008202523115211238
42,3,2,NP3TTAPR_var,0.008103748719521086
42,3,2,NP1PAIN_var,0.007951765127064693
42,3,2,NP1DDS_var,0.007751508913233809
42,3,2,NP3HMOVR_std,0.007730903696698242
42,3,2,NP2RISE_mean,0.0076081691230740515
42,3,2,NP1PAIN_min,0.007585352905719569
42,3,2,NP3RISNG_var,0.007531689675197139
42,3,2,NP3RIGLU_var,0.007480092591966522
42,3,2,NP2HWRT_max,0.007467304292500559
42,3,2,NP3SPCH_std,0.007443077170530124
42,3,2,NP3KTRMR_var,0.007310618530553444
42,3,2,NP1APAT_min,0.0072447788924961615
42,3,2,NP3RIGRU_var,0.00705781114109344
42,3,2,NP3RTALL_min,0.0068183447984153335
42,3,2,NP1DPRS_min,0.006712731817098945
42,3,2,NP1HALL_max,0.006652818695764271
42,3,2,NP1ANXS_mean,0.0066079925438355365
42,3,2,NP2WALK_var,0.006547007691759841
42,3,2,NP3RIGN_min,0.0065144466580813855
42,3,2,NP2RISE_std,0.006489931355777663
42,3,2,NP2HOBB_mean,0.006461675451183846
42,3,2,NP1HALL_mean,0.006423073618476033
42,3,2,NP2HWRT_var,0.006302841172414839
42,3,2,NP1HALL_min,0.0062150216764881114
42,3,2,NP3RIGLL_var,0.006086599736019044
42,3,2,NP3LGAGL_var,0.006086275823540395
42,3,2,NP1APAT_std,0.006079460130139933
42,3,2,NP3FTAPL_std,0.005932778575482054
42,3,2,NP1HALL_std,0.005678328290037155
42,3,2,NP2HYGN_min,0.005535578442822884
42,3,2,NP2WALK_std,0.005520891134266756
42,3,2,NP2EAT_std,0.0052957704733903365
42,3,2,NP1DDS_mean,0.004917042559203992
42,3,2,NP2EAT_max,0.004507587838812087
42,3,2,NP1DDS_max,0.004491835965706361
42,3,2,NP1URIN_std,0.004488090337490532
42,3,2,NP3FACXP_var,0.004481366685881405
42,3,2,NP2SPCH_var,0.004341852579462645
42,3,2,NP2EAT_mean,0.004266402136839323
42,3,2,NP2RISE_min,0.0042018520130873375
42,3,2,NP3RIGRU_std,0.004045667637342659
42,3,2,NP1CNST_max,0.003939621693543831
42,3,2,NP2EAT_var,0.003932189401634334
42,3,2,NP1HALL_var,0.003820172840212316
42,3,2,NP3HMOVR_var,0.0034288365420811315
42,3,2,NP2EAT_min,0.0033637336269316215
42,3,2,NP3RTALJ_min,0.003203306188068322
42,3,2,NP2SWAL_min,0.0028986826402484034
42,3,2,NP3RTARL_min,0.0019889677288777437
42,3,2,NP1DDS_min,0.0
