model,target_type,classes,n_classes,accuracy_cv_mean,accuracy_cv_std,accuracy_train_mean,accuracy_train_std,accuracy_test_mean,accuracy_test_std,f1_cv_mean,f1_cv_std,f1_train_mean,f1_train_std,f1_test_mean,f1_test_std,recall_cv_mean,recall_cv_std,recall_train_mean,recall_train_std,recall_test_mean,recall_test_std,precision_cv_mean,precision_cv_std,precision_train_mean,precision_train_std,precision_test_mean,precision_test_std,misclassification_cost_mean_cv_mean,misclassification_cost_mean_cv_std,misclassification_cost_mean_train_mean,misclassification_cost_mean_train_std,misclassification_cost_mean_test_mean,misclassification_cost_mean_test_std,misclassification_cost_total_cv_mean,misclassification_cost_total_cv_std,misclassification_cost_total_train_mean,misclassification_cost_total_train_std,misclassification_cost_total_test_mean,misclassification_cost_total_test_std,misclassification_score_cv_mean,misclassification_score_cv_std,misclassification_score_train_mean,misclassification_score_train_std,misclassification_score_test_mean,misclassification_score_test_std,misclassification_cost_mean_true_class_0_cv_mean,misclassification_cost_mean_true_class_0_cv_std,misclassification_cost_mean_true_class_0_train_mean,misclassification_cost_mean_true_class_0_train_std,misclassification_cost_mean_true_class_0_test_mean,misclassification_cost_mean_true_class_0_test_std,misclassification_cost_mean_true_class_1_cv_mean,misclassification_cost_mean_true_class_1_cv_std,misclassification_cost_mean_true_class_1_train_mean,misclassification_cost_mean_true_class_1_train_std,misclassification_cost_mean_true_class_1_test_mean,misclassification_cost_mean_true_class_1_test_std,auc_cv_mean,auc_cv_std,auc_train_mean,auc_train_std,auc_test_mean,auc_test_std,precision_class_0_cv_mean,precision_class_0_cv_std,precision_class_0_train_mean,precision_class_0_train_std,precision_class_0_test_mean,precision_class_0_test_std,recall_class_0_cv_mean,recall_class_0_cv_std,recall_class_0_train_mean,recall_class_0_train_std,recall_class_0_test_mean,recall_class_0_test_std,f1_class_0_cv_mean,f1_class_0_cv_std,f1_class_0_train_mean,f1_class_0_train_std,f1_class_0_test_mean,f1_class_0_test_std,support_class_0_cv_mean,support_class_0_cv_std,support_class_0_train_mean,support_class_0_train_std,support_class_0_test_mean,support_class_0_test_std,precision_class_1_cv_mean,precision_class_1_cv_std,precision_class_1_train_mean,precision_class_1_train_std,precision_class_1_test_mean,precision_class_1_test_std,recall_class_1_cv_mean,recall_class_1_cv_std,recall_class_1_train_mean,recall_class_1_train_std,recall_class_1_test_mean,recall_class_1_test_std,f1_class_1_cv_mean,f1_class_1_cv_std,f1_class_1_train_mean,f1_class_1_train_std,f1_class_1_test_mean,f1_class_1_test_std,support_class_1_cv_mean,support_class_1_cv_std,support_class_1_train_mean,support_class_1_train_std,support_class_1_test_mean,support_class_1_test_std,tn_cv_mean,tn_cv_std,tn_train_mean,tn_train_std,tn_test_mean,tn_test_std,fp_cv_mean,fp_cv_std,fp_train_mean,fp_train_std,fp_test_mean,fp_test_std,fn_cv_mean,fn_cv_std,fn_train_mean,fn_train_std,fn_test_mean,fn_test_std,tp_cv_mean,tp_cv_std,tp_train_mean,tp_train_std,tp_test_mean,tp_test_std,specificity_cv_mean,specificity_cv_std,specificity_train_mean,specificity_train_std,specificity_test_mean,specificity_test_std,npv_cv_mean,npv_cv_std,npv_train_mean,npv_train_std,npv_test_mean,npv_test_std,fpr_cv_mean,fpr_cv_std,fpr_train_mean,fpr_train_std,fpr_test_mean,fpr_test_std,fnr_cv_mean,fnr_cv_std,fnr_train_mean,fnr_train_std,fnr_test_mean,fnr_test_std,Target,OVR_Label,X_Processing,Scaler
decision_tree,binary,"[0, 1]",2,0.8435602094240838,0.0077176555650013,1.0,0.0,0.832967032967033,0.029567396078467,0.8509108918448367,0.0073072102258721,1.0,0.0,0.8419454280496392,0.0273233575684622,0.8536000000000001,0.0102653678832167,1.0,0.0,0.848951048951049,0.0316536040965369,0.8494567688585279,0.0094193617971685,1.0,0.0,0.8357877849687053,0.0337732800938972,0.4630366492146597,0.0271536628518578,0.0,0.0,0.4835164835164834,0.0898245380109866,88.44,5.186349604704855,0.0,0.0,132.0,24.52209887699936,-0.4630366492146597,0.0271536628518578,0.0,0.0,-0.4835164835164834,0.0898245380109866,0.1674725274725275,0.0123373095589865,0.0,0.0,0.1846153846153846,0.0445593517871353,0.732,0.0513268394160837,0.0,0.0,0.7552447552447552,0.1582680204826849,0.8430637362637363,0.0077790720751402,1.0,0.0,0.8321678321678322,0.0299381837682882,0.8393696530161604,0.0098008142817305,1.0,0.0,0.8311033972307431,0.0313124754486354,0.8325274725274724,0.0123373095589865,1.0,0.0,0.8153846153846154,0.0445593517871353,0.8351732266438731,0.0084417728173482,1.0,0.0,0.8226864244697805,0.0331078420930272,91.0,0.0,303.0,0.0,130.0,0.0,0.8494567688585279,0.0094193617971685,1.0,0.0,0.8357877849687053,0.0337732800938972,0.8536000000000001,0.0102653678832167,1.0,0.0,0.848951048951049,0.0316536040965369,0.8509108918448367,0.0073072102258721,1.0,0.0,0.8419454280496392,0.0273233575684622,100.0,0.0,333.0,0.0,143.0,0.0,75.76,1.1226951698677814,303.0,0.0,106.0,5.792715732327589,15.24,1.1226951698677805,0.0,0.0,24.0,5.792715732327589,14.64,1.0265367883216738,0.0,0.0,21.6,4.526465385804789,85.36,1.0265367883216752,333.0,0.0,121.4,4.526465385804788,0.8325274725274724,0.0123373095589865,1.0,0.0,0.8153846153846154,0.0445593517871353,0.8393696530161604,0.0098008142817305,1.0,0.0,0.8311033972307431,0.0313124754486354,0.1674725274725275,0.0123373095589865,0.0,0.0,0.1846153846153846,0.0445593517871353,0.1464,0.0102653678832167,0.0,0.0,0.151048951048951,0.0316536040965369,HY3,y_1_vs_rest,X_STATS,No_scaler
random_forest,binary,"[0, 1]",2,0.9037696335078534,0.0065801241154753,1.0,0.0,0.895970695970696,0.018290581988839,0.9083069705732646,0.0060975660828973,1.0,0.0,0.9000333061223813,0.017249790806133,0.9099,0.0057047738293857,1.0,0.0,0.8937062937062938,0.0188796799359595,0.907261387275384,0.0090638097381905,1.0,0.0,0.906718302799727,0.0225400975855187,0.2849214659685863,0.0170043816072384,0.0,0.0,0.3267399267399267,0.0548717459665172,54.42,3.2478368869825416,0.0,0.0,89.2,14.979986648859205,-0.2849214659685863,0.0170043816072384,0.0,0.0,-0.3267399267399267,0.0548717459665172,0.1029670329670329,0.0107925043175892,0.0,0.0,0.1015384615384615,0.0260984833846143,0.4505,0.0285238691469287,0.0,0.0,0.5314685314685315,0.0943983996797976,0.9546423076923078,0.0049215323390802,1.0,3.7007434154171876e-17,0.9516998386229156,0.0143119685997958,0.9010175378996412,0.0059427540332431,1.0,0.0,0.8849886237129244,0.0194540389247116,0.8970329670329672,0.0107925043175892,1.0,0.0,0.8984615384615384,0.0260984833846143,0.8986866045361476,0.0071773512933493,1.0,0.0,0.8915304296405433,0.0195385957871221,91.0,0.0,303.0,0.0,130.0,0.0,0.907261387275384,0.0090638097381905,1.0,0.0,0.906718302799727,0.0225400975855187,0.9099,0.0057047738293857,1.0,0.0,0.8937062937062938,0.0188796799359595,0.9083069705732646,0.0060975660828973,1.0,0.0,0.9000333061223813,0.017249790806133,100.0,0.0,333.0,0.0,143.0,0.0,81.63,0.9821178929006188,303.0,0.0,116.8,3.3928028399998595,9.37,0.9821178929006208,0.0,0.0,13.2,3.3928028399998595,9.010000000000002,0.5704773829385742,0.0,0.0,15.2,2.699794230842212,90.99,0.5704773829385721,333.0,0.0,127.8,2.6997942308422123,0.8970329670329672,0.0107925043175892,1.0,0.0,0.8984615384615384,0.0260984833846143,0.9010175378996412,0.0059427540332431,1.0,0.0,0.8849886237129244,0.0194540389247116,0.1029670329670329,0.0107925043175892,0.0,0.0,0.1015384615384615,0.0260984833846143,0.0900999999999999,0.0057047738293857,0.0,0.0,0.1062937062937063,0.0188796799359595,HY3,y_1_vs_rest,X_STATS,No_scaler
extra_trees,binary,"[0, 1]",2,0.9021465968586388,0.005313269185955,1.0,0.0,0.891941391941392,0.0167637731596409,0.9071961775463064,0.004830142084087,1.0,0.0,0.8969215261404855,0.0156557955273841,0.9133,0.0039735234853828,1.0,0.0,0.8972027972027972,0.0174591918984373,0.9017786605324692,0.0082226194192843,1.0,0.0,0.8968889115264422,0.0208839703554237,0.2794240837696335,0.0117721516686569,0.0,0.0,0.3234432234432234,0.0501963685284932,53.370000000000005,2.24848096871347,0.0,0.0,88.3,13.703608608278657,-0.2794240837696335,0.0117721516686569,0.0,0.0,-0.3234432234432234,0.0501963685284932,0.1101098901098901,0.0099077308769548,0.0,0.0,0.1138461538461538,0.0248069469178416,0.4335,0.0198676174269141,0.0,0.0,0.513986013986014,0.0872959594921865,0.955062087912088,0.0052269432568396,1.0,0.0,0.9526654115115653,0.0123635244725425,0.9038524161159488,0.0041775859771499,1.0,0.0,0.8869776853926403,0.0181804521240817,0.88989010989011,0.0099077308769547,1.0,0.0,0.8861538461538462,0.0248069469178416,0.8964299826008032,0.0059133055336536,1.0,0.0,0.8864216406308394,0.0181190119507736,91.0,0.0,303.0,0.0,130.0,0.0,0.9017786605324692,0.0082226194192843,1.0,0.0,0.8968889115264422,0.0208839703554237,0.9133,0.0039735234853828,1.0,0.0,0.8972027972027972,0.0174591918984373,0.9071961775463064,0.004830142084087,1.0,0.0,0.8969215261404855,0.0156557955273841,100.0,0.0,333.0,0.0,143.0,0.0,80.97999999999999,0.9016035098028896,303.0,0.0,115.2,3.22490309931942,10.02,0.9016035098028894,0.0,0.0,14.8,3.22490309931942,8.67,0.3973523485382826,0.0,0.0,14.7,2.496664441476534,91.33,0.39735234853828,333.0,0.0,128.3,2.496664441476534,0.88989010989011,0.0099077308769547,1.0,0.0,0.8861538461538462,0.0248069469178416,0.9038524161159488,0.0041775859771499,1.0,0.0,0.8869776853926403,0.0181804521240817,0.1101098901098901,0.0099077308769548,0.0,0.0,0.1138461538461538,0.0248069469178416,0.0866999999999999,0.0039735234853828,0.0,0.0,0.1027972027972028,0.0174591918984373,HY3,y_1_vs_rest,X_STATS,No_scaler
xgboost,binary,"[0, 1]",2,0.8974345549738219,0.0128990285316407,1.0,0.0,0.8868131868131869,0.0230669074013813,0.902190595408495,0.0119126026025008,1.0,0.0,0.8919405737565592,0.0203550405891663,0.9031,0.0083990740230364,1.0,0.0,0.8895104895104895,0.0202676597848803,0.9020685697993358,0.0163359198234136,1.0,0.0,0.895381576543025,0.0372018084401711,0.3054973821989529,0.029893662931396,0.0,0.0,0.3446886446886447,0.054233625099833,58.35,5.709689619896649,0.0,0.0,94.1,14.805779652254424,-0.3054973821989529,0.029893662931396,0.0,0.0,-0.3446886446886447,0.054233625099833,0.1087912087912087,0.0189203979049742,0.0,0.0,0.1161538461538461,0.0466427101089938,0.4845,0.0419953701151818,0.0,0.0,0.5524475524475523,0.1013382989244016,0.950724175824176,0.0056527053103452,1.0,0.0,0.9480688542227004,0.0129618434594948,0.8939211636342274,0.0100043108276256,1.0,0.0,0.879359820200072,0.0189071546908688,0.8912087912087914,0.0189203979049743,1.0,0.0,0.883846153846154,0.0466427101089938,0.8920851425246223,0.0140502679647754,1.0,0.0,0.8810085094532927,0.0266472755264962,91.0,0.0,303.0,0.0,130.0,0.0,0.9020685697993358,0.0163359198234136,1.0,0.0,0.895381576543025,0.0372018084401711,0.9031,0.0083990740230364,1.0,0.0,0.8895104895104895,0.0202676597848803,0.902190595408495,0.0119126026025008,1.0,0.0,0.8919405737565592,0.0203550405891663,100.0,0.0,333.0,0.0,143.0,0.0,81.1,1.721756209352661,303.0,0.0,114.9,6.0635523141692005,9.9,1.7217562093526613,0.0,0.0,15.1,6.0635523141692005,9.69,0.8399074023036373,0.0,0.0,15.8,2.898275349237888,90.31,0.839907402303638,333.0,0.0,127.2,2.898275349237888,0.8912087912087914,0.0189203979049743,1.0,0.0,0.883846153846154,0.0466427101089938,0.8939211636342274,0.0100043108276256,1.0,0.0,0.879359820200072,0.0189071546908688,0.1087912087912087,0.0189203979049742,0.0,0.0,0.1161538461538461,0.0466427101089938,0.0969,0.0083990740230363,0.0,0.0,0.1104895104895105,0.0202676597848803,HY3,y_1_vs_rest,X_V06_STATS,No_scaler
adaboost,binary,"[0, 1]",2,0.890628272251309,0.0131376640630024,0.9268867924528305,0.0111488717956932,0.8831501831501832,0.0269976595772025,0.8950120750888189,0.0126163652919038,0.9296054269589884,0.0104878249583938,0.8869852589336983,0.0271394250249949,0.8909,0.0138920440860548,0.9216216216216216,0.0090034461748824,0.8769230769230768,0.0349183837968746,0.8999635344423002,0.0144415694981031,0.937788232921736,0.014220420642366,0.8976796000783758,0.0245881629327883,0.3378534031413612,0.0409680427510223,0.2372641509433962,0.0288540934150114,0.3747252747252746,0.0985015823081727,64.53000000000002,7.824896165445264,150.9,18.35120341194731,102.3,26.890931970131163,-0.3378534031413612,0.0409680427510223,-0.2372641509433962,0.0288540934150114,-0.3747252747252746,0.0985015823081727,0.1096703296703296,0.016347013141654,0.0673267326732673,0.0160329475927275,0.11,0.0264115010909089,0.5454999999999999,0.0694602204302737,0.3918918918918918,0.0450172308744121,0.6153846153846154,0.174591918984373,0.9401725274725274,0.0104074192580187,0.983866044262084,0.0036998645512314,0.9445266272189348,0.0135931880101988,0.8821161317995847,0.0143283638213301,0.915440883628506,0.0098281228971916,0.8686470080913974,0.0337054930897887,0.8903296703296706,0.016347013141654,0.9326732673267326,0.0160329475927275,0.89,0.0264115010909089,0.8857491766672567,0.0137645178723035,0.92394444311946,0.0118981454288476,0.8789839134783761,0.0269279987378974,91.0,0.0,303.0,0.0,130.0,0.0,0.8999635344423002,0.0144415694981031,0.937788232921736,0.014220420642366,0.8976796000783758,0.0245881629327883,0.8909,0.0138920440860548,0.9216216216216216,0.0090034461748824,0.8769230769230768,0.0349183837968746,0.8950120750888189,0.0126163652919038,0.9296054269589884,0.0104878249583938,0.8869852589336983,0.0271394250249949,100.0,0.0,333.0,0.0,143.0,0.0,81.01999999999998,1.487578195890517,282.6,4.857983120596447,115.7,3.4334951418181574,9.98,1.4875781958905183,20.4,4.857983120596447,14.3,3.4334951418181574,10.910000000000002,1.3892044086054751,26.1,2.9981475762358474,17.6,4.993328882953068,89.09,1.3892044086054756,306.9,2.998147576235848,125.4,4.993328882953068,0.8903296703296706,0.016347013141654,0.9326732673267326,0.0160329475927275,0.89,0.0264115010909089,0.8821161317995847,0.0143283638213301,0.915440883628506,0.0098281228971916,0.8686470080913974,0.0337054930897887,0.1096703296703296,0.016347013141654,0.0673267326732673,0.0160329475927275,0.11,0.0264115010909089,0.1091,0.0138920440860547,0.0783783783783783,0.0090034461748824,0.123076923076923,0.0349183837968746,HY3,y_1_vs_rest,X_V06_DELTA,No_scaler
svm,binary,"[0, 1]",2,0.88282722513089,0.0060294095306636,0.889308176100629,0.0082935180062274,0.8794871794871796,0.0136457470778495,0.8813892921954253,0.0066380793722305,0.8881972886478279,0.0091397560020055,0.8764495669879521,0.0157008314429016,0.8327,0.011035800328426,0.8402402402402401,0.0145610382750496,0.8174825174825175,0.0260509716940764,0.9368970571386436,0.0060524683475517,0.9420660291336505,0.0033950112560459,0.945053641089611,0.0069481178251296,0.4675392670157068,0.0285104053845195,0.4452830188679245,0.0387046611911313,0.5029304029304029,0.0678957927693074,89.3,5.445487428443239,283.2,24.616164517559508,137.3,18.53555142602093,-0.4675392670157068,0.0285104053845195,-0.4452830188679245,0.0387046611911313,-0.5029304029304029,0.0678957927693074,0.062087912087912,0.00634979334189,0.0567656765676567,0.0030327940048603,0.0523076923076923,0.0070687429497898,0.8365,0.0551790016421303,0.7987987987987987,0.0728051913752479,0.9125874125874124,0.1302548584703823,0.9295274725274728,0.0093650554066805,0.9357129406634356,0.0063206999377027,0.9303442711135018,0.0162783789861022,0.8366933166356357,0.0089082995721417,0.8432128952962306,0.0122405518458537,0.8256452519367482,0.0202596979830078,0.937912087912088,0.0063497933418899,0.9432343234323431,0.0030327940048603,0.9476923076923076,0.0070687429497898,0.8841543202128703,0.0055253850161267,0.8903871852219517,0.0074871307819413,0.882333787227695,0.0118481942396161,91.0,0.0,303.0,0.0,130.0,0.0,0.9368970571386436,0.0060524683475517,0.9420660291336505,0.0033950112560459,0.945053641089611,0.0069481178251296,0.8327,0.011035800328426,0.8402402402402401,0.0145610382750496,0.8174825174825175,0.0260509716940764,0.8813892921954253,0.0066380793722305,0.8881972886478279,0.0091397560020055,0.8764495669879521,0.0157008314429016,100.0,0.0,333.0,0.0,143.0,0.0,85.35,0.5778311941119895,285.8,0.9189365834726816,123.2,0.9189365834726816,5.65,0.5778311941119905,17.2,0.9189365834726816,6.8,0.9189365834726816,16.729999999999997,1.1035800328426062,53.2,4.8488257455915145,26.1,3.725288952252936,83.27,1.1035800328426084,279.8,4.8488257455915145,116.9,3.725288952252936,0.937912087912088,0.0063497933418899,0.9432343234323431,0.0030327940048603,0.9476923076923076,0.0070687429497898,0.8366933166356357,0.0089082995721417,0.8432128952962306,0.0122405518458537,0.8256452519367482,0.0202596979830078,0.062087912087912,0.00634979334189,0.0567656765676567,0.0030327940048603,0.0523076923076923,0.0070687429497898,0.1672999999999999,0.011035800328426,0.1597597597597597,0.0145610382750495,0.1825174825174825,0.0260509716940764,HY3,y_1_vs_rest,X_V06_STATS,No_scaler
logistic_regression,binary,"[0, 1]",2,0.8613089005235602,0.0142732453003146,0.97562893081761,0.0065566016788243,0.8410256410256409,0.0091697110405463,0.865199401010327,0.0135702156615831,0.9762720071623114,0.0064403043341166,0.8447870227302164,0.0081487443486599,0.8510000000000002,0.0130042728020874,0.9582582582582584,0.0095436928420845,0.825874125874126,0.0175832374504858,0.8810515939314373,0.017269731672909,0.9950085443686346,0.0047145970344004,0.8652454502531199,0.0204001857990406,0.4507329842931937,0.0400016218159376,0.1117924528301886,0.026304320824899,0.5238095238095238,0.0384954402208411,86.09,7.640309766844097,71.1,16.72954804463581,143.0,10.509255180289632,-0.4507329842931937,0.0400016218159376,-0.1117924528301886,0.026304320824899,-0.5238095238095238,0.0384954402208411,0.1273626373626373,0.019510094214231,0.0052805280528052,0.0049687963875186,0.1423076923076923,0.0264612403083978,0.7449999999999999,0.0650213640104371,0.2087087087087087,0.0477184642104225,0.8706293706293706,0.0879161872524294,0.9087769230769231,0.0134379415420318,0.9972011615575972,0.0017129345340323,0.9036578805809576,0.0157528266887354,0.8430584829911684,0.0135203170058611,0.9559811612251772,0.0097914761215179,0.8177644019895871,0.0121219796742142,0.8726373626373626,0.019510094214231,0.9947194719471948,0.0049687963875186,0.8576923076923076,0.0264612403083978,0.856986830308388,0.0151293988163434,0.9749493349932298,0.0066763492011067,0.8369555042863714,0.0112628697017414,91.0,0.0,303.0,0.0,130.0,0.0,0.8810515939314373,0.017269731672909,0.9950085443686346,0.0047145970344004,0.8652454502531199,0.0204001857990406,0.8510000000000002,0.0130042728020874,0.9582582582582584,0.0095436928420845,0.825874125874126,0.0175832374504858,0.865199401010327,0.0135702156615831,0.9762720071623114,0.0064403043341166,0.8447870227302164,0.0081487443486599,100.0,0.0,333.0,0.0,143.0,0.0,79.41,1.7754185734950243,301.4,1.5055453054181622,111.5,3.439961240091716,11.590000000000002,1.7754185734950254,1.6,1.505545305418162,18.5,3.439961240091716,14.9,1.3004272802087442,13.9,3.178049716414141,24.9,2.514402955419481,85.1,1.3004272802087444,319.1,3.178049716414141,118.1,2.514402955419481,0.8726373626373626,0.019510094214231,0.9947194719471948,0.0049687963875186,0.8576923076923076,0.0264612403083978,0.8430584829911684,0.0135203170058611,0.9559811612251772,0.0097914761215179,0.8177644019895871,0.0121219796742142,0.1273626373626373,0.019510094214231,0.0052805280528052,0.0049687963875186,0.1423076923076923,0.0264612403083978,0.1489999999999999,0.0130042728020874,0.0417417417417417,0.0095436928420845,0.1741258741258741,0.0175832374504858,HY3,y_1_vs_rest,X_V06_STATS,No_scaler
knn,binary,"[0, 1]",2,0.8531413612565444,0.0092487404553131,0.8823899371069182,0.0082470181395265,0.857875457875458,0.0157125352304228,0.8473260164826544,0.0116379592148269,0.8806167651842032,0.0090018199823484,0.8517489334639535,0.0187652664601263,0.7808999999999999,0.0213669006747455,0.8288288288288289,0.0137250342350371,0.7811188811188812,0.030579694542858,0.9276651622930746,0.0065332918129407,0.939409261615582,0.0055104191370534,0.9372072095207752,0.0108856533251112,0.6057068062827224,0.053664538371765,0.4761006289308176,0.0367011056417276,0.6007326007326007,0.07909223316582,115.69,10.24992682900712,302.8,23.341903188138804,164.0,21.59217965426886,-0.6057068062827224,0.053664538371765,-0.4761006289308176,0.0367011056417276,-0.6007326007326007,0.07909223316582,0.0674725274725274,0.0074746818699983,0.0587458745874587,0.0053443158642425,0.0576923076923076,0.0110286221372341,1.0955,0.1068345033737279,0.8558558558558559,0.0686251711751856,1.0944055944055944,0.1528984727142902,0.9058445054945056,0.007283339599225,0.9713267723168716,0.0039352134866724,0.9052232383001616,0.0208592315880521,0.7958155947132175,0.0149694051189794,0.8335520633027281,0.0114822662494589,0.797075447516146,0.0220820890413114,0.9325274725274726,0.0074746818699983,0.9412541254125412,0.0053443158642425,0.9423076923076924,0.0110286221372341,0.8583628388698031,0.0073282824092046,0.8841017714810263,0.0075551778999016,0.8634369244183718,0.0132586582336279,91.0,0.0,303.0,0.0,130.0,0.0,0.9276651622930746,0.0065332918129407,0.939409261615582,0.0055104191370534,0.9372072095207752,0.0108856533251112,0.7808999999999999,0.0213669006747455,0.8288288288288289,0.0137250342350371,0.7811188811188812,0.030579694542858,0.8473260164826544,0.0116379592148269,0.8806167651842032,0.0090018199823484,0.8517489334639535,0.0187652664601263,100.0,0.0,333.0,0.0,143.0,0.0,84.85999999999999,0.6801960501698522,285.2,1.6193277068654826,122.5,1.4337208778404378,6.140000000000001,0.6801960501698513,17.8,1.6193277068654826,7.5,1.4337208778404378,21.910000000000004,2.136690067474561,57.0,4.570436400267363,31.3,4.3728963196286985,78.09,2.136690067474561,276.0,4.570436400267363,111.7,4.3728963196286985,0.9325274725274726,0.0074746818699983,0.9412541254125412,0.0053443158642425,0.9423076923076924,0.0110286221372341,0.7958155947132175,0.0149694051189794,0.8335520633027281,0.0114822662494589,0.797075447516146,0.0220820890413114,0.0674725274725274,0.0074746818699983,0.0587458745874587,0.0053443158642425,0.0576923076923076,0.0110286221372341,0.2191,0.0213669006747456,0.1711711711711711,0.0137250342350371,0.2188811188811188,0.030579694542858,HY3,y_1_vs_rest,X_STATS,No_scaler
gaussian_nb,binary,"[0, 1]",2,0.8779581151832462,0.0062752039557851,0.8844339622641508,0.006123334090958,0.876923076923077,0.0196273809986911,0.879206249723626,0.0068134686047044,0.8850680452988282,0.0067089773998184,0.8768477535562436,0.0204890677740122,0.8496,0.0141358488327451,0.85015015015015,0.0115397659955592,0.8377622377622378,0.027933150916448,0.9119975399251258,0.0090719669830156,0.9230514278359748,0.0030209785237792,0.9200159842899877,0.0143733582819614,0.4370157068062827,0.0344083921882673,0.4294025157232705,0.0301392305535323,0.463003663003663,0.077631100156892,83.47,6.572002907959049,273.1,19.16855063204658,126.4,21.193290342831517,-0.4370157068062827,0.0344083921882673,-0.4294025157232705,0.0301392305535323,-0.463003663003663,0.077631100156892,0.0908791208791208,0.0109284042992983,0.0778877887788778,0.0031884217263343,0.08,0.0141374858995797,0.752,0.0706792441637257,0.7492492492492492,0.0576988299777962,0.8111888111888111,0.13966575458224,0.923017032967033,0.0070365315724577,0.933966639907234,0.0055723600557703,0.9239940828402368,0.0140836343034317,0.847041248632433,0.0114178711389465,0.8485718899228747,0.009972935348071,0.837964852781871,0.0252330037526085,0.9091208791208792,0.0109284042992983,0.922112211221122,0.0031884217263343,0.9200000000000002,0.0141374858995797,0.8765511645847124,0.0060032519527431,0.8837847525393789,0.0055354973215054,0.8769712245428021,0.0188115288211761,91.0,0.0,303.0,0.0,130.0,0.0,0.9119975399251258,0.0090719669830156,0.9230514278359748,0.0030209785237792,0.9200159842899877,0.0143733582819614,0.8496,0.0141358488327451,0.85015015015015,0.0115397659955592,0.8377622377622378,0.027933150916448,0.879206249723626,0.0068134686047044,0.8850680452988282,0.0067089773998184,0.8768477535562436,0.0204890677740122,100.0,0.0,333.0,0.0,143.0,0.0,82.73,0.9944847912361484,279.4,0.966091783079296,119.6,1.837873166945363,8.27,0.9944847912361456,23.6,0.9660917830792958,10.4,1.837873166945363,15.039999999999996,1.4135848832745146,49.9,3.8427420765212266,23.2,3.9944405810520647,84.96,1.4135848832745144,283.1,3.8427420765212266,119.8,3.9944405810520647,0.9091208791208792,0.0109284042992983,0.922112211221122,0.0031884217263343,0.9200000000000002,0.0141374858995797,0.847041248632433,0.0114178711389465,0.8485718899228747,0.009972935348071,0.837964852781871,0.0252330037526085,0.0908791208791208,0.0109284042992983,0.0778877887788778,0.0031884217263343,0.08,0.0141374858995797,0.1504,0.0141358488327451,0.1498498498498498,0.0115397659955592,0.1622377622377622,0.0279331509164479,HY3,y_1_vs_rest,X_STATS,No_scaler
decision_tree,binary,"[0, 1]",2,0.8755497382198953,0.0083880453166678,1.0,0.0,0.8835164835164836,0.0108936302921589,0.8636446505542814,0.0085327508773999,1.0,0.0,0.8733270834310869,0.0110593119051462,0.8761627906976746,0.0138155324966059,1.0,0.0,0.8910569105691059,0.0284746353096231,0.8534835069882721,0.0152542792028371,1.0,0.0,0.8576134458565834,0.0283389306695815,0.3474869109947643,0.0287158973611258,0.0,0.0,0.3128205128205129,0.0527777689504113,66.37,5.484736395975046,0.0,0.0,85.4,14.408330923462302,-0.3474869109947643,0.0287158973611258,0.0,0.0,-0.3128205128205129,0.0527777689504113,0.1249523809523809,0.0157825996272861,0.0,0.0,0.1226666666666666,0.0301764359053652,0.6191860465116279,0.0690776624830295,0.0,0.0,0.5447154471544715,0.1423731765481159,0.8756052048726467,0.0081202926102764,1.0,0.0,0.8841951219512195,0.0103129403880829,0.897465479189484,0.0102254574422112,1.0,0.0,0.9084172789767796,0.0204709650994286,0.8750476190476191,0.0157825996272861,1.0,0.0,0.8773333333333333,0.0301764359053652,0.8853192899846529,0.0083844367580153,1.0,0.0,0.8920582451206496,0.0112363312182041,105.0,0.0,351.0,0.0,150.0,0.0,0.8534835069882721,0.0152542792028371,1.0,0.0,0.8576134458565834,0.0283389306695815,0.8761627906976746,0.0138155324966059,1.0,0.0,0.8910569105691059,0.0284746353096231,0.8636446505542814,0.0085327508773999,1.0,0.0,0.8733270834310869,0.0110593119051462,86.0,0.0,285.0,0.0,123.0,0.0,91.88,1.6571729608650432,351.0,0.0,131.6,4.526465385804788,13.12,1.657172960865046,0.0,0.0,18.4,4.526465385804789,10.65,1.188135794708108,0.0,0.0,13.4,3.5023801430836525,75.35,1.1881357947081064,285.0,0.0,109.6,3.5023801430836525,0.8750476190476191,0.0157825996272861,1.0,0.0,0.8773333333333333,0.0301764359053652,0.897465479189484,0.0102254574422112,1.0,0.0,0.9084172789767796,0.0204709650994286,0.1249523809523809,0.0157825996272861,0.0,0.0,0.1226666666666666,0.0301764359053652,0.1238372093023255,0.0138155324966059,0.0,0.0,0.1089430894308943,0.0284746353096231,HY3,y_0_vs_rest,X_V06_STATS,No_scaler
random_forest,binary,"[0, 1]",2,0.9244502617801048,0.0078632863931087,1.0,0.0,0.9212454212454212,0.0135140070947366,0.9189755774189676,0.0080827602449686,1.0,0.0,0.9146804832298412,0.0153437979055404,0.9501162790697676,0.0064263986682868,1.0,0.0,0.938211382113821,0.0282155340592311,0.8906711783515041,0.0116091122027537,1.0,0.0,0.8928744899408342,0.0175158556589717,0.165392670157068,0.0180346881846759,0.0,0.0,0.1901098901098901,0.0614019164626554,31.59,3.4446254432731065,0.0,0.0,51.9,16.762723194304943,-0.165392670157068,0.0180346881846759,0.0,0.0,-0.1901098901098901,0.0614019164626554,0.0965714285714285,0.0111897444317766,0.0,0.0,0.0926666666666666,0.0176243378301318,0.2494186046511627,0.0321319933414343,0.0,0.0,0.3089430894308943,0.1410776702961557,0.9698327796234774,0.0038260062691136,1.0,0.0,0.9737100271002712,0.0066161605280305,0.95725599204151,0.0056087182836158,1.0,0.0,0.9476906399514782,0.0221938968905282,0.9034285714285714,0.0111897444317766,1.0,0.0,0.9073333333333332,0.0176243378301318,0.9291656887967058,0.0076567253605812,1.0,0.0,0.9268287255484428,0.0121971695675717,105.0,0.0,351.0,0.0,150.0,0.0,0.8906711783515041,0.0116091122027537,1.0,0.0,0.8928744899408342,0.0175158556589717,0.9501162790697676,0.0064263986682868,1.0,0.0,0.938211382113821,0.0282155340592311,0.9189755774189676,0.0080827602449686,1.0,0.0,0.9146804832298412,0.0153437979055404,86.0,0.0,285.0,0.0,123.0,0.0,94.86,1.1749231653365448,351.0,0.0,136.1,2.64365067451978,10.14,1.1749231653365442,0.0,0.0,13.9,2.64365067451978,4.29,0.5526702854726717,0.0,0.0,7.6,3.470510689285432,81.71000000000001,0.5526702854726724,285.0,0.0,115.4,3.470510689285432,0.9034285714285714,0.0111897444317766,1.0,0.0,0.9073333333333332,0.0176243378301318,0.95725599204151,0.0056087182836158,1.0,0.0,0.9476906399514782,0.0221938968905282,0.0965714285714285,0.0111897444317766,0.0,0.0,0.0926666666666666,0.0176243378301318,0.0498837209302325,0.0064263986682868,0.0,0.0,0.0617886178861788,0.0282155340592311,HY3,y_0_vs_rest,X_V06_STATS,No_scaler
extra_trees,binary,"[0, 1]",2,0.9235078534031416,0.0073067449578433,1.0,0.0,0.9208791208791208,0.0122344078631261,0.9173653533045164,0.0073736503168974,1.0,0.0,0.9139951301929956,0.0138489184684674,0.942093023255814,0.0055305609245696,1.0,0.0,0.9341463414634148,0.0240719978224416,0.8948641004276491,0.0125640015408411,1.0,0.0,0.8950429343229928,0.0137767971795441,0.1807853403141361,0.0144631763958331,0.0,0.0,0.1978021978021978,0.0536962965257534,34.53,2.762466691604122,0.0,0.0,54.0,14.65908895153068,-0.1807853403141361,0.0144631763958331,0.0,0.0,-0.1978021978021978,0.0536962965257534,0.0917142857142857,0.0122627651621903,0.0,0.0,0.09,0.0134256066373273,0.2895348837209303,0.027652804622848,0.0,0.0,0.3292682926829268,0.1203599891122084,0.9709833887043188,0.0032999994613432,1.0,0.0,0.9738563685636856,0.0060079541232233,0.9509897469464498,0.0046134315111162,1.0,0.0,0.9443571705506196,0.0190621875218322,0.9082857142857144,0.0122627651621903,1.0,0.0,0.91,0.0134256066373272,0.9287281201117328,0.0072201514124925,1.0,0.0,0.9267175006361053,0.0110275179294808,105.0,0.0,351.0,0.0,150.0,0.0,0.8948641004276491,0.0125640015408411,1.0,0.0,0.8950429343229928,0.0137767971795441,0.942093023255814,0.0055305609245696,1.0,0.0,0.9341463414634148,0.0240719978224416,0.9173653533045164,0.0073736503168974,1.0,0.0,0.9139951301929956,0.0138489184684674,86.0,0.0,285.0,0.0,123.0,0.0,95.37,1.287590342029982,351.0,0.0,136.5,2.0138409955990952,9.63,1.287590342029983,0.0,0.0,13.5,2.0138409955990952,4.98,0.4756282395129859,0.0,0.0,8.1,2.960855732160327,81.02000000000001,0.4756282395129871,285.0,0.0,114.9,2.960855732160327,0.9082857142857144,0.0122627651621903,1.0,0.0,0.91,0.0134256066373272,0.9509897469464498,0.0046134315111162,1.0,0.0,0.9443571705506196,0.0190621875218322,0.0917142857142857,0.0122627651621903,0.0,0.0,0.09,0.0134256066373273,0.057906976744186,0.0055305609245696,0.0,0.0,0.0658536585365853,0.0240719978224416,HY3,y_0_vs_rest,X_V06_STATS,No_scaler
xgboost,binary,"[0, 1]",2,0.9195287958115184,0.0059082196715323,1.0,0.0,0.924908424908425,0.0103964507728488,0.9126706650017504,0.0060538890789201,1.0,0.0,0.9177815655089716,0.0114983684506099,0.9336046511627908,0.0054111081435011,1.0,0.0,0.9308943089430894,0.0243148488413636,0.8937413640015096,0.0096233556961717,1.0,0.0,0.9056356059729148,0.0179440116420913,0.2000523560209424,0.0138684720903401,0.0,0.0,0.1996336996336996,0.0505868925173787,38.21,2.648878169254969,0.0,0.0,54.5,13.8102216572444,-0.2000523560209424,0.0138684720903401,0.0,0.0,-0.1996336996336996,0.0505868925173787,0.092,0.009137123422577,0.0,0.0,0.0799999999999999,0.0177777777777777,0.3319767441860465,0.0270555407175058,0.0,0.0,0.3455284552845528,0.1215742442068181,0.9664739756367664,0.0030575446235136,1.0,0.0,0.9745474254742548,0.0049694800464157,0.9442212538134914,0.004496089914613,1.0,0.0,0.9424697700621542,0.0191071751231077,0.908,0.009137123422577,1.0,0.0,0.9200000000000002,0.0177777777777777,0.9253049470584644,0.0057637050070009,1.0,0.0,0.93086228121633,0.009627210201384,105.0,0.0,351.0,0.0,150.0,0.0,0.8937413640015096,0.0096233556961717,1.0,0.0,0.9056356059729148,0.0179440116420913,0.9336046511627908,0.0054111081435011,1.0,0.0,0.9308943089430894,0.0243148488413636,0.9126706650017504,0.0060538890789201,1.0,0.0,0.9177815655089716,0.0114983684506099,86.0,0.0,285.0,0.0,123.0,0.0,95.34,0.9593979593705844,351.0,0.0,138.0,2.6666666666666665,9.66,0.9593979593705858,0.0,0.0,12.0,2.6666666666666665,5.710000000000001,0.4653553003411001,0.0,0.0,8.5,2.9907264074877267,80.28999999999999,0.4653553003410989,285.0,0.0,114.5,2.9907264074877267,0.908,0.009137123422577,1.0,0.0,0.9200000000000002,0.0177777777777777,0.9442212538134914,0.004496089914613,1.0,0.0,0.9424697700621542,0.0191071751231077,0.092,0.009137123422577,0.0,0.0,0.0799999999999999,0.0177777777777777,0.0663953488372093,0.0054111081435011,0.0,0.0,0.0691056910569105,0.0243148488413636,HY3,y_0_vs_rest,X_V06_STATS,No_scaler
adaboost,binary,"[0, 1]",2,0.9158638743455496,0.0068042687314281,0.95125786163522,0.0048035384643143,0.9164835164835166,0.0119383702677219,0.9085926403475288,0.0070605848982038,0.9471660856497572,0.0052508038956034,0.9081575195321318,0.0135394776849293,0.9284883720930234,0.0103023518294589,0.9750877192982458,0.0076605955058773,0.9170731707317072,0.0202074275146962,0.8907062215927886,0.0120910679991657,0.9208282637969128,0.0055681257365371,0.8996208107407966,0.0133028004368576,0.2129319371727748,0.0219507816744738,0.0933962264150943,0.0178689663206373,0.2329670329670329,0.0469156909206494,40.67,4.192599299824501,59.4,11.364662579925351,63.6,12.807983621337296,-0.2129319371727748,0.0219507816744738,-0.0933962264150943,0.0178689663206373,-0.2329670329670329,0.0469156909206494,0.0944761904761904,0.0122030358580223,0.0680911680911681,0.0051052915691227,0.084,0.0118425889728659,0.3575581395348838,0.0515117591472946,0.1245614035087719,0.0383029775293866,0.4146341463414634,0.101037137573481,0.9620376522702102,0.0064362450752237,0.9913550257409904,0.0021888066816701,0.9704037940379404,0.0067729891421444,0.9400404671545244,0.0079496028404006,0.9787869374964606,0.0064063136799532,0.9310983780915209,0.0157349943106391,0.9055238095238096,0.0122030358580223,0.931908831908832,0.0051052915691227,0.916,0.0118425889728659,0.9219681460602558,0.0066511100853931,0.9547601234980456,0.0044338223641293,0.9234115193891954,0.010711380863845,105.0,0.0,351.0,0.0,150.0,0.0,0.8907062215927886,0.0120910679991657,0.9208282637969128,0.0055681257365371,0.8996208107407966,0.0133028004368576,0.9284883720930234,0.0103023518294589,0.9750877192982458,0.0076605955058773,0.9170731707317072,0.0202074275146962,0.9085926403475288,0.0070605848982038,0.9471660856497572,0.0052508038956034,0.9081575195321318,0.0135394776849293,86.0,0.0,285.0,0.0,123.0,0.0,95.08,1.2813187650923483,327.1,1.7919573407620817,137.4,1.7763883459298968,9.919999999999998,1.2813187650923474,23.9,1.7919573407620817,12.6,1.776388345929897,6.15,0.8860022573334677,7.1,2.1832697191750423,10.2,2.485513584307633,79.85,0.8860022573334685,277.9,2.1832697191750423,112.8,2.485513584307633,0.9055238095238096,0.0122030358580223,0.931908831908832,0.0051052915691227,0.916,0.0118425889728659,0.9400404671545244,0.0079496028404006,0.9787869374964606,0.0064063136799532,0.9310983780915209,0.0157349943106391,0.0944761904761904,0.0122030358580223,0.0680911680911681,0.0051052915691227,0.084,0.0118425889728659,0.0715116279069767,0.0103023518294589,0.0249122807017543,0.0076605955058773,0.0829268292682926,0.0202074275146962,HY3,y_0_vs_rest,X_STATS,No_scaler
svm,binary,"[0, 1]",2,0.9092146596858636,0.0094859323990884,0.9194968553459116,0.0033804015716136,0.9164835164835166,0.0125472357300758,0.9086010494659024,0.0087663542853685,0.9175887642917502,0.0031734307410784,0.9151179102233324,0.011751398190906,0.9981395348837208,0.0024636044313288,1.0,0.0,0.9975609756097562,0.0077128723418741,0.8342851491294392,0.0142903237905151,0.8477408557291108,0.0054140374710615,0.8455122009952886,0.0204239634245827,0.0941361256544502,0.0116988341306129,0.080503144654088,0.0033804015716136,0.0879120879120879,0.0189156695785466,17.98,2.2344773189470706,51.2,2.14993539954628,24.0,5.163977794943222,-0.0941361256544502,0.0116988341306129,-0.080503144654088,0.0033804015716136,-0.0879120879120879,0.0189156695785466,0.1636190476190476,0.0167130119052136,0.1458689458689458,0.0061251720784794,0.1499999999999999,0.0235702260395515,0.0093023255813953,0.0123180221566439,0.0,0.0,0.0121951219512195,0.0385643617093704,0.970172757475083,0.0038995160918916,0.9749797570850204,0.0024116025994101,0.9733224932249324,0.0056921637558032,0.99820743119869,0.0023980677371441,1.0,0.0,0.9977443609022556,0.0071329571281993,0.8363809523809523,0.0167130119052137,0.8541310541310541,0.0061251720784794,0.85,0.0235702260395515,0.9097426277187136,0.010213631625287,0.9213169945144464,0.003565996739475,0.91777679979203,0.0133258779528368,105.0,0.0,351.0,0.0,150.0,0.0,0.8342851491294392,0.0142903237905151,0.8477408557291108,0.0054140374710615,0.8455122009952886,0.0204239634245827,0.9981395348837208,0.0024636044313288,1.0,0.0,0.9975609756097562,0.0077128723418741,0.9086010494659024,0.0087663542853685,0.9175887642917502,0.0031734307410784,0.9151179102233324,0.011751398190906,86.0,0.0,285.0,0.0,123.0,0.0,87.82000000000001,1.7548662500474377,299.8,2.14993539954628,127.5,3.5355339059327378,17.18,1.7548662500474377,51.2,2.14993539954628,22.5,3.5355339059327378,0.16,0.211869981094276,0.0,0.0,0.3,0.948683298050514,85.84,0.2118699810942754,285.0,0.0,122.7,0.9486832980505138,0.8363809523809523,0.0167130119052137,0.8541310541310541,0.0061251720784794,0.85,0.0235702260395515,0.99820743119869,0.0023980677371441,1.0,0.0,0.9977443609022556,0.0071329571281993,0.1636190476190476,0.0167130119052136,0.1458689458689458,0.0061251720784794,0.1499999999999999,0.0235702260395515,0.001860465116279,0.0024636044313287,0.0,0.0,0.0024390243902439,0.007712872341874,HY3,y_0_vs_rest,X_V06_STATS,No_scaler
logistic_regression,binary,"[0, 1]",2,0.9016753926701572,0.0049901754975668,0.9877358490566038,0.0032981410319815,0.9084249084249084,0.0100686340063923,0.8944835607347436,0.0051524946018526,0.9865121944588486,0.0035733701526285,0.9000234928364623,0.0114008703460883,0.925,0.0076789196729297,1.0,0.0,0.9154471544715448,0.0257666435208774,0.8670380872457901,0.0073763802297164,0.9734054202888972,0.0069430275645883,0.8859077740652138,0.0201401540011675,0.2334031413612565,0.0169289865155673,0.0122641509433962,0.0032981410319816,0.2439560439560439,0.0518372182181075,44.58,3.2334364244733678,7.8,2.097617696340303,66.6,14.151560573543357,-0.2334031413612565,0.0169289865155673,-0.0122641509433962,0.0032981410319816,-0.2439560439560439,0.0518372182181075,0.1174285714285714,0.0079814599982524,0.0222222222222222,0.0059761187929923,0.0973333333333333,0.0206559111797728,0.375,0.0383945983646491,0.0,0.0,0.4227642276422764,0.1288332176043871,0.952767441860465,0.0064985136874044,0.9992332683560754,0.0006851157538732,0.958639566395664,0.00609891650763,0.9357168062095416,0.0063059196283136,1.0,0.0,0.929227672062696,0.0184159767926082,0.8825714285714286,0.0079814599982523,0.977777777777778,0.0059761187929923,0.9026666666666664,0.0206559111797728,0.907830880519391,0.0049306811740008,0.9887557195219704,0.0030614293162617,0.9154589715961844,0.0093942116523115,105.0,0.0,351.0,0.0,150.0,0.0,0.8670380872457901,0.0073763802297164,0.9734054202888972,0.0069430275645883,0.8859077740652138,0.0201401540011675,0.925,0.0076789196729297,1.0,0.0,0.9154471544715448,0.0257666435208774,0.8944835607347436,0.0051524946018526,0.9865121944588486,0.0035733701526285,0.9000234928364623,0.0114008703460883,86.0,0.0,285.0,0.0,123.0,0.0,92.67,0.8380532998165053,343.2,2.097617696340303,135.4,3.0983866769659336,12.33,0.8380532998165054,7.8,2.097617696340303,14.6,3.0983866769659336,6.45,0.660387091871965,0.0,0.0,10.4,3.1692971530679235,79.55000000000001,0.6603870918719646,285.0,0.0,112.6,3.1692971530679235,0.8825714285714286,0.0079814599982523,0.977777777777778,0.0059761187929923,0.9026666666666664,0.0206559111797728,0.9357168062095416,0.0063059196283136,1.0,0.0,0.929227672062696,0.0184159767926082,0.1174285714285714,0.0079814599982524,0.0222222222222222,0.0059761187929923,0.0973333333333333,0.0206559111797728,0.075,0.0076789196729298,0.0,0.0,0.0845528455284553,0.0257666435208774,HY3,y_0_vs_rest,X_V06_DELTA,No_scaler
knn,binary,"[0, 1]",2,0.8794240837696335,0.0132291508272359,0.909433962264151,0.004581084566753,0.8827838827838829,0.0225802710731464,0.881591651290442,0.0117183981593105,0.9079212238357854,0.0040640125343444,0.884299672346151,0.0198021646111595,0.9925581395348836,0.0041092583816119,0.9961403508771928,0.0038614208232091,0.9902439024390244,0.0051419148945827,0.7935423579954539,0.017852074390741,0.8341133594982028,0.0083231575060226,0.7994242166838632,0.0331261886824834,0.133979057591623,0.0178922653433777,0.0974842767295597,0.0062454797105938,0.1347985347985348,0.0228949938624356,25.59,3.4174226805851484,62.0,3.972125095937662,36.8,6.250333324444918,-0.133979057591623,0.0178922653433777,-0.0974842767295597,0.0062454797105938,-0.1347985347985348,0.0228949938624356,0.2132380952380952,0.0227087333624019,0.1609686609686609,0.0101618872550012,0.2053333333333333,0.0420229214349255,0.0372093023255814,0.0205462919080598,0.019298245614035,0.0193071041160458,0.048780487804878,0.0257095744729136,0.9354435215946844,0.0094611578003492,0.9864267506372768,0.002338672387446,0.9375365853658536,0.0117957659680677,0.9923177810566204,0.0042686386967376,0.9963182986155422,0.003640336335346,0.9901018966314996,0.0052662049176359,0.7867619047619047,0.0227087333624019,0.8390313390313391,0.0101618872550012,0.7946666666666667,0.0420229214349255,0.8770381862633878,0.0148932387554199,0.9108900482594416,0.0050832069470359,0.8811125415804495,0.025515045082101,105.0,0.0,351.0,0.0,150.0,0.0,0.7935423579954539,0.017852074390741,0.8341133594982028,0.0083231575060226,0.7994242166838632,0.0331261886824834,0.9925581395348836,0.0041092583816119,0.9961403508771928,0.0038614208232091,0.9902439024390244,0.0051419148945827,0.881591651290442,0.0117183981593105,0.9079212238357854,0.0040640125343444,0.884299672346151,0.0198021646111595,86.0,0.0,285.0,0.0,123.0,0.0,82.60999999999999,2.384417003052201,294.5,3.5668224265054493,119.2,6.303438215238834,22.39,2.3844170030522025,56.5,3.5668224265054493,30.8,6.303438215238834,0.6399999999999999,0.3533962208186286,1.1,1.100504934614612,1.2,0.6324555320336759,85.35999999999999,0.3533962208186281,283.9,1.100504934614612,121.8,0.6324555320336759,0.7867619047619047,0.0227087333624019,0.8390313390313391,0.0101618872550012,0.7946666666666667,0.0420229214349255,0.9923177810566204,0.0042686386967376,0.9963182986155422,0.003640336335346,0.9901018966314996,0.0052662049176359,0.2132380952380952,0.0227087333624019,0.1609686609686609,0.0101618872550012,0.2053333333333333,0.0420229214349255,0.0074418604651162,0.0041092583816119,0.003859649122807,0.0038614208232091,0.0097560975609756,0.0051419148945827,HY3,y_0_vs_rest,X_STATS,No_scaler
gaussian_nb,binary,"[0, 1]",2,0.9055497382198952,0.0080400545716389,0.9218553459119496,0.0043881416538646,0.9054945054945056,0.0100389766989472,0.8959973064567563,0.0092260916443738,0.9145657029329576,0.0045911843103492,0.8959359101553692,0.0120058104944389,0.905,0.0175667364343121,0.9333333333333332,0.0097854973863634,0.9040650406504064,0.0273162128311201,0.8885138667380659,0.0118772452609813,0.8966841196765207,0.0100022530592417,0.8886469731392939,0.0161374133230388,0.2655497382198952,0.0375204350572171,0.1976415094339622,0.0189122760816144,0.2673992673992674,0.0565628074329693,50.71999999999999,7.166403095928482,125.7,12.028207587906762,73.0,15.441646429200626,-0.2655497382198952,0.0375204350572171,-0.1976415094339622,0.0189122760816144,-0.2673992673992674,0.0565628074329693,0.094,0.0117421701073924,0.0874643874643874,0.0100548231206582,0.0933333333333333,0.0166295883856619,0.475,0.0878336821715603,0.3333333333333333,0.0489274869318172,0.4796747967479675,0.1365810641556005,0.935641749723145,0.0067121727210125,0.9511151097116008,0.002017179569195,0.9434119241192412,0.005829889876121,0.921912918514359,0.0129611150738405,0.9440976614795072,0.0074272910264687,0.9207461373200384,0.0202409150903563,0.9060000000000002,0.0117421701073924,0.9125356125356124,0.0100548231206582,0.9066666666666666,0.0166295883856619,0.9133897691353596,0.0072746666368159,0.9279889707163156,0.00428186285371,0.9133919865811562,0.0087749771140788,105.0,0.0,351.0,0.0,150.0,0.0,0.8885138667380659,0.0118772452609813,0.8966841196765207,0.0100022530592417,0.8886469731392939,0.0161374133230388,0.905,0.0175667364343121,0.9333333333333332,0.0097854973863634,0.9040650406504064,0.0273162128311201,0.8959973064567563,0.0092260916443738,0.9145657029329576,0.0045911843103492,0.8959359101553692,0.0120058104944389,86.0,0.0,285.0,0.0,123.0,0.0,95.13,1.232927861276206,320.3,3.529242915351047,136.0,2.494438257849294,9.87,1.232927861276203,30.7,3.529242915351047,14.0,2.494438257849294,8.169999999999998,1.510739333350838,19.0,2.788866755113585,11.8,3.359894178227774,77.83,1.5107393333508368,266.0,2.788866755113585,111.2,3.359894178227774,0.9060000000000002,0.0117421701073924,0.9125356125356124,0.0100548231206582,0.9066666666666666,0.0166295883856619,0.921912918514359,0.0129611150738405,0.9440976614795072,0.0074272910264687,0.9207461373200384,0.0202409150903563,0.094,0.0117421701073924,0.0874643874643874,0.0100548231206582,0.0933333333333333,0.0166295883856619,0.095,0.017566736434312,0.0666666666666666,0.0097854973863634,0.0959349593495935,0.0273162128311201,HY3,y_0_vs_rest,X_V06_DELTA,No_scaler
decision_tree,binary,"[0, 1]",2,0.9550261780104712,0.0034504696619374,1.0,0.0,0.956043956043956,0.0110566363103021,0.1711049391784686,0.0492012693246497,1.0,0.0,0.2426222427009881,0.1516800492265958,0.186,0.0604060335470629,1.0,0.0,0.25,0.1559023911155808,0.1696446608946608,0.0504370295466246,1.0,0.0,0.2492929292929292,0.1595611919993126,0.1302094240837696,0.0066182005166582,0.0,0.0,0.1318681318681318,0.0234864274257281,24.87,1.2640762986817244,0.0,0.0,36.0,6.411794687223781,-0.1302094240837696,0.0066182005166582,0.0,0.0,-0.1318681318681318,0.0234864274257281,0.0243010752688172,0.0041629555292428,0.0,0.0,0.0226415094339622,0.0112506564905649,4.07,0.3020301677353145,0.0,0.0,3.75,0.7795119555779044,0.5808494623655914,0.0291138814535736,1.0,0.0,0.6136792452830189,0.0771414318142562,0.9780840257563288,0.0015450661075819,1.0,0.0,0.9773835252651136,0.0045386355235941,0.9756989247311828,0.0041629555292429,1.0,0.0,0.9773584905660376,0.0112506564905649,0.9768502370243638,0.0018312572698799,1.0,0.0,0.9773339824796612,0.0058220450956517,186.0,0.0,619.0,0.0,265.0,0.0,0.1696446608946608,0.0504370295466246,1.0,0.0,0.2492929292929292,0.1595611919993126,0.186,0.0604060335470629,1.0,0.0,0.25,0.1559023911155808,0.1711049391784686,0.0492012693246497,1.0,0.0,0.2426222427009881,0.1516800492265958,5.0,0.0,17.0,0.0,8.0,0.0,181.48,0.774309728439183,619.0,0.0,259.0,2.98142396999972,4.5200000000000005,0.7743097284391792,0.0,0.0,6.0,2.98142396999972,4.07,0.3020301677353145,0.0,0.0,6.0,1.247219128924647,0.93,0.3020301677353146,17.0,0.0,2.0,1.247219128924647,0.9756989247311828,0.0041629555292429,1.0,0.0,0.9773584905660376,0.0112506564905649,0.9780840257563288,0.0015450661075819,1.0,0.0,0.9773835252651136,0.0045386355235941,0.0243010752688172,0.0041629555292428,0.0,0.0,0.0226415094339622,0.0112506564905649,0.8139999999999998,0.0604060335470629,0.0,0.0,0.75,0.1559023911155808,HY3,y_2_vs_rest,X_V06_DELTA,No_scaler
random_forest,binary,"[0, 1]",2,0.9737172774869112,0.0002207523672019,1.0,0.0,0.9703296703296702,0.0011583434652631,0.0,0.0,1.0,0.0,0.0,0.0,0.0,0.0,1.0,0.0,0.0,0.0,0.0,0.0,1.0,0.0,0.0,0.0,0.1309947643979057,0.0002207523672019,0.0,0.0,0.1468864468864468,0.0011583434652631,25.02,0.0421637021355789,0.0,0.0,40.1,0.3162277660168379,-0.1309947643979057,0.0002207523672019,0.0,0.0,-0.1468864468864468,0.0011583434652631,0.0001075268817204,0.0002266865706213,0.0,0.0,0.000377358490566,0.0011933123245918,5.0,0.0,0.0,0.0,5.0,0.0,0.9220806451612904,0.0228512270033333,1.0,7.401486830834377e-17,0.929504716981132,0.0243894356640452,0.973819233948746,5.809272821118755e-06,1.0,0.0,0.9706851971557852,3.406892544891584e-05,0.9998924731182796,0.0002266865706214,1.0,0.0,0.999622641509434,0.0011933123245918,0.9866835035837236,0.000113624740503,1.0,0.0,0.984941122718116,0.0005976350793863,186.0,0.0,619.0,0.0,265.0,0.0,0.0,0.0,1.0,0.0,0.0,0.0,0.0,0.0,1.0,0.0,0.0,0.0,0.0,0.0,1.0,0.0,0.0,0.0,5.0,0.0,17.0,0.0,8.0,0.0,185.98,0.0421637021355759,619.0,0.0,264.9,0.3162277660168379,0.02,0.0421637021355783,0.0,0.0,0.1,0.3162277660168379,5.0,0.0,0.0,0.0,8.0,0.0,0.0,0.0,17.0,0.0,0.0,0.0,0.9998924731182796,0.0002266865706214,1.0,0.0,0.999622641509434,0.0011933123245918,0.973819233948746,5.809272821118755e-06,1.0,0.0,0.9706851971557852,3.406892544891584e-05,0.0001075268817204,0.0002266865706213,0.0,0.0,0.000377358490566,0.0011933123245918,1.0,0.0,0.0,0.0,1.0,0.0,HY3,y_2_vs_rest,X_V06_STATS,No_scaler
extra_trees,binary,"[0, 1]",2,0.9739790575916232,0.0002529036081359,1.0,0.0,0.9706959706959706,1.1702778228589004e-16,0.01,0.0161015297179882,1.0,0.0,0.0,0.0,0.006,0.0096609178307929,1.0,0.0,0.0,0.0,0.03,0.0483045891539648,1.0,0.0,0.0,0.0,0.1301047120418848,0.0012645180406797,0.0,0.0,0.1465201465201465,2.925694557147251e-17,24.85,0.2415229457698239,0.0,0.0,40.0,0.0,-0.1301047120418848,0.0012645180406797,0.0,0.0,-0.1465201465201465,2.925694557147251e-17,0.0,0.0,0.0,0.0,0.0,0.0,4.97,0.0483045891539646,0.0,0.0,5.0,0.0,0.921494623655914,0.0165036308371508,1.0,0.0,0.9405424528301888,0.0256275923754376,0.9739757508955637,0.0002475793216489,1.0,0.0,0.9706959706959706,1.1702778228589004e-16,1.0,0.0,1.0,0.0,1.0,0.0,0.9868161295784188,0.0001267658104667,1.0,0.0,0.9851301115241636,1.1702778228589004e-16,186.0,0.0,619.0,0.0,265.0,0.0,0.03,0.0483045891539648,1.0,0.0,0.0,0.0,0.006,0.0096609178307929,1.0,0.0,0.0,0.0,0.01,0.0161015297179882,1.0,0.0,0.0,0.0,5.0,0.0,17.0,0.0,8.0,0.0,186.0,0.0,619.0,0.0,265.0,0.0,0.0,0.0,0.0,0.0,0.0,0.0,4.97,0.0483045891539646,0.0,0.0,8.0,0.0,0.03,0.0483045891539648,17.0,0.0,0.0,0.0,1.0,0.0,1.0,0.0,1.0,0.0,0.9739757508955637,0.0002475793216489,1.0,0.0,0.9706959706959706,1.1702778228589004e-16,0.0,0.0,0.0,0.0,0.0,0.0,0.994,0.0096609178307929,0.0,0.0,1.0,0.0,HY3,y_2_vs_rest,X_V06_DELTA,No_scaler
xgboost,binary,"[0, 1]",2,0.9743979057591624,0.0029867925808302,1.0,0.0,0.9717948717948716,0.0054741176487081,0.2779126984126984,0.0839595856239213,1.0,0.0,0.3504828504828504,0.1670995243334766,0.204,0.0638052592746954,1.0,0.0,0.275,0.1419115530493866,0.5248571428571429,0.1874215448525882,1.0,0.0,0.5183333333333333,0.2692525089581282,0.1089528795811518,0.0092953852015446,0.0,0.0,0.1131868131868131,0.0201705558327538,20.81,1.7754185734950243,0.0,0.0,30.9,5.506561742341788,-0.1089528795811518,0.0092953852015446,0.0,0.0,-0.1131868131868131,0.0201705558327538,0.0048924731182795,0.00192099314636,0.0,0.0,0.0071698113207547,0.0048554110856902,3.98,0.3190262963734773,0.0,0.0,3.625,0.7095577652469334,0.9364838709677418,0.0217239223803344,1.0,0.0,0.9520283018867924,0.012298472375384,0.978966440607712,0.001675415937526,1.0,0.0,0.9784501576452236,0.0041016415492414,0.9951075268817204,0.0019209931463601,1.0,0.0,0.9928301886792452,0.0048554110856902,0.986960267488734,0.0015257219111658,1.0,0.0,0.9855764844783426,0.0028050566836498,186.0,0.0,619.0,0.0,265.0,0.0,0.5248571428571429,0.1874215448525882,1.0,0.0,0.5183333333333333,0.2692525089581282,0.204,0.0638052592746954,1.0,0.0,0.275,0.1419115530493866,0.2779126984126984,0.0839595856239213,1.0,0.0,0.3504828504828504,0.1670995243334766,5.0,0.0,17.0,0.0,8.0,0.0,185.09,0.3573047252229774,619.0,0.0,263.1,1.286683937707919,0.91,0.3573047252229764,0.0,0.0,1.9,1.286683937707919,3.98,0.3190262963734773,0.0,0.0,5.8,1.1352924243950933,1.0200000000000002,0.3190262963734773,17.0,0.0,2.2,1.1352924243950933,0.9951075268817204,0.0019209931463601,1.0,0.0,0.9928301886792452,0.0048554110856902,0.978966440607712,0.001675415937526,1.0,0.0,0.9784501576452236,0.0041016415492414,0.0048924731182795,0.00192099314636,0.0,0.0,0.0071698113207547,0.0048554110856902,0.796,0.0638052592746954,0.0,0.0,0.725,0.1419115530493866,HY3,y_2_vs_rest,X_V06_STATS,No_scaler
adaboost,binary,"[0, 1]",2,0.9742408376963352,0.0033369405662037,1.0,0.0,0.9736263736263736,0.0076835813052758,0.2899783549783549,0.1324397127330774,1.0,0.0,0.382005772005772,0.2247980544019031,0.2299999999999999,0.1132352516764202,1.0,0.0,0.3125,0.2144922946038958,0.4566666666666666,0.1845866252528124,1.0,0.0,0.594047619047619,0.314392418153798,0.1063874345549738,0.0147483399281217,0.0,0.0,0.1069597069597069,0.0310720221829889,20.32,2.8169329262712504,0.0,0.0,29.2,8.482662055955993,-0.1063874345549738,0.0147483399281217,0.0,0.0,-0.1069597069597069,0.0310720221829889,0.005752688172043,0.0019142939345127,0.0,0.0,0.0064150943396226,0.0056393740305559,3.85,0.566176258382101,0.0,0.0,3.4375,1.0724614730194793,0.8849838709677419,0.035661876116555,1.0,0.0,0.9232075471698112,0.0429235491859672,0.9796334915270885,0.0029390697080264,1.0,0.0,0.9795786677475812,0.0062464005339494,0.9942473118279568,0.0019142939345127,1.0,0.0,0.9935849056603774,0.0056393740305559,0.9868713865997074,0.001694753439577,1.0,0.0,0.9865137908984628,0.003931803486282,186.0,0.0,619.0,0.0,265.0,0.0,0.4566666666666666,0.1845866252528124,1.0,0.0,0.594047619047619,0.314392418153798,0.2299999999999999,0.1132352516764202,1.0,0.0,0.3125,0.2144922946038958,0.2899783549783549,0.1324397127330774,1.0,0.0,0.382005772005772,0.2247980544019031,5.0,0.0,17.0,0.0,8.0,0.0,184.93,0.3560586718193762,619.0,0.0,263.3,1.4944341180973264,1.0699999999999998,0.3560586718193755,0.0,0.0,1.7,1.4944341180973262,3.85,0.566176258382101,0.0,0.0,5.5,1.7159383568311668,1.15,0.566176258382101,17.0,0.0,2.5,1.7159383568311668,0.9942473118279568,0.0019142939345127,1.0,0.0,0.9935849056603774,0.0056393740305559,0.9796334915270885,0.0029390697080264,1.0,0.0,0.9795786677475812,0.0062464005339494,0.005752688172043,0.0019142939345127,0.0,0.0,0.0064150943396226,0.0056393740305559,0.77,0.1132352516764202,0.0,0.0,0.6875,0.2144922946038958,HY3,y_2_vs_rest,X_V06_DELTA,No_scaler
svm,binary,"[0, 1]",2,0.9106282722513088,0.0170566920370975,0.9183962264150942,0.0188599156074597,0.9157509157509158,0.013596494170525,0.2868794963800378,0.0463017295666917,0.4035390254774957,0.0620279128663398,0.350759006550463,0.0400629022556801,0.6599999999999999,0.038873012632302,1.0,0.0,0.775,0.1290994448735805,0.1890250151135536,0.0396515034659981,0.254533963645466,0.0504444407607782,0.2284609714865411,0.0282694956854164,0.1249738219895288,0.0177703084705156,0.0816037735849056,0.0188599156074598,0.1106227106227106,0.0153283075228085,23.87,3.3941289178684872,51.9,11.994906326344436,30.2,4.184627953726724,-0.1249738219895288,0.0177703084705156,-0.0816037735849056,0.0188599156074598,-0.1106227106227106,0.0153283075228085,0.0826344086021505,0.0174840054309351,0.0838449111470113,0.019377877748537,0.08,0.0160888321562963,1.7,0.19436506316151,0.0,0.0,1.125,0.6454972243679028,0.8863763440860215,0.020996796950985,0.9937945452817636,0.0030816182336688,0.9331603773584906,0.0312153846890907,0.9902334104167292,0.001142285822449,1.0,0.0,0.9927239456601022,0.0040353467462677,0.9173655913978496,0.0174840054309351,0.9161550888529886,0.019377877748537,0.92,0.0160888321562963,0.9520877060029233,0.0095245838079152,0.9561475272184043,0.0105065770544743,0.9548923194512502,0.0076584150877166,186.0,0.0,619.0,0.0,265.0,0.0,0.1890250151135536,0.0396515034659981,0.254533963645466,0.0504444407607782,0.2284609714865411,0.0282694956854164,0.6599999999999999,0.038873012632302,1.0,0.0,0.775,0.1290994448735805,0.2868794963800378,0.0463017295666917,0.4035390254774957,0.0620279128663398,0.350759006550463,0.0400629022556801,5.0,0.0,17.0,0.0,8.0,0.0,170.63,3.252025010153929,567.1,11.994906326344436,243.8,4.263540521418528,15.37,3.2520250101539294,51.9,11.994906326344436,21.2,4.263540521418529,1.7,0.19436506316151,0.0,0.0,1.8,1.0327955589886446,3.3,0.19436506316151,17.0,0.0,6.2,1.0327955589886444,0.9173655913978496,0.0174840054309351,0.9161550888529886,0.019377877748537,0.92,0.0160888321562963,0.9902334104167292,0.001142285822449,1.0,0.0,0.9927239456601022,0.0040353467462677,0.0826344086021505,0.0174840054309351,0.0838449111470113,0.019377877748537,0.08,0.0160888321562963,0.34,0.0388730126323019,0.0,0.0,0.225,0.1290994448735805,HY3,y_2_vs_rest,X_V06_DELTA,No_scaler
logistic_regression,binary,"[0, 1]",2,0.9671204188481676,0.0058342975520842,1.0,0.0,0.9684981684981684,0.011736864313258,0.3502155622155622,0.1004264922324818,1.0,0.0,0.4931431803490627,0.1401106019572427,0.352,0.1054935490392132,1.0,0.0,0.5125,0.1496523749672331,0.398329365079365,0.1302746000603067,1.0,0.0,0.4965476190476191,0.1620343726320117,0.1007329842931937,0.015650860223274,0.0,0.0,0.0886446886446886,0.0248916604265142,19.24,2.989314302645341,0.0,0.0,24.2,6.795423296438403,-0.1007329842931937,0.015650860223274,0.0,0.0,-0.0886446886446886,0.0248916604265142,0.0163440860215053,0.0045280607017501,0.0,0.0,0.0177358490566037,0.0109729954654412,3.24,0.5274677451960661,0.0,0.0,2.4375,0.7482618748361655,0.8605483870967741,0.0280630489827393,1.0,0.0,0.9132075471698112,0.0327285832232898,0.9826338852655244,0.0028207562645774,1.0,0.0,0.9852525909019868,0.0044689612475878,0.9836559139784946,0.0045280607017501,1.0,0.0,0.982264150943396,0.0109729954654411,0.983105689721371,0.0030245315680191,1.0,0.0,0.9837258795938536,0.0061440693036698,186.0,0.0,619.0,0.0,265.0,0.0,0.398329365079365,0.1302746000603067,1.0,0.0,0.4965476190476191,0.1620343726320117,0.352,0.1054935490392132,1.0,0.0,0.5125,0.1496523749672331,0.3502155622155622,0.1004264922324818,1.0,0.0,0.4931431803490627,0.1401106019572427,5.0,0.0,17.0,0.0,8.0,0.0,182.96,0.8422192905255335,619.0,0.0,260.3,2.9078437983419185,3.04,0.8422192905255336,0.0,0.0,4.7,2.9078437983419185,3.24,0.5274677451960661,0.0,0.0,3.9,1.1972189997378648,1.7600000000000002,0.5274677451960662,17.0,0.0,4.1,1.1972189997378648,0.9836559139784946,0.0045280607017501,1.0,0.0,0.982264150943396,0.0109729954654411,0.9826338852655244,0.0028207562645774,1.0,0.0,0.9852525909019868,0.0044689612475878,0.0163440860215053,0.0045280607017501,0.0,0.0,0.0177358490566037,0.0109729954654412,0.648,0.1054935490392132,0.0,0.0,0.4875,0.1496523749672331,HY3,y_2_vs_rest,X_V06_DELTA,No_scaler
knn,binary,"[0, 1]",2,0.9738743455497382,0.0001655642754014,0.974685534591195,0.0013767217543567,0.9706959706959706,1.1702778228589004e-16,0.0033333333333333,0.0105409255338945,0.0964912280701754,0.0924334325109448,0.0,0.0,0.002,0.0063245553203367,0.0529411764705882,0.0515055903394654,0.0,0.0,0.01,0.0316227766016837,0.6,0.5163977794943223,0.0,0.0,0.1306282722513089,0.0008278213770074,0.1265723270440251,0.0068836087717839,0.1465201465201465,2.925694557147251e-17,24.95,0.1581138830084189,80.5,4.377975178854566,40.0,0.0,-0.1306282722513089,0.0008278213770074,-0.1265723270440251,0.0068836087717839,-0.1465201465201465,2.925694557147251e-17,0.0,0.0,0.0,0.0,0.0,0.0,4.99,0.0316227766016836,4.735294117647059,0.2575279516973272,5.0,0.0,0.6128172043010752,0.0459062707751768,0.9967309702556306,0.0010419160672471,0.6451650943396225,0.1032738976135115,0.9738732433177184,0.0001620787117088,0.9746513291844112,0.0013440579437432,0.9706959706959706,1.1702778228589004e-16,1.0,0.0,1.0,0.0,1.0,0.0,0.9867636435464756,8.298770314227415e-05,0.987162541424248,0.0006893092752176,0.9851301115241636,1.1702778228589004e-16,186.0,0.0,619.0,0.0,265.0,0.0,0.01,0.0316227766016837,0.6,0.5163977794943223,0.0,0.0,0.002,0.0063245553203367,0.0529411764705882,0.0515055903394654,0.0,0.0,0.0033333333333333,0.0105409255338945,0.0964912280701754,0.0924334325109448,0.0,0.0,5.0,0.0,17.0,0.0,8.0,0.0,186.0,0.0,619.0,0.0,265.0,0.0,0.0,0.0,0.0,0.0,0.0,0.0,4.99,0.0316227766016836,16.1,0.875595035770913,8.0,0.0,0.01,0.0316227766016837,0.9,0.8755950357709132,0.0,0.0,1.0,0.0,1.0,0.0,1.0,0.0,0.9738732433177184,0.0001620787117088,0.9746513291844112,0.0013440579437432,0.9706959706959706,1.1702778228589004e-16,0.0,0.0,0.0,0.0,0.0,0.0,0.998,0.0063245553203367,0.9470588235294116,0.0515055903394654,1.0,0.0,HY3,y_2_vs_rest,X_V06_DELTA,No_scaler
gaussian_nb,binary,"[0, 1]",2,0.867801047120419,0.0202987923556823,0.8567610062893081,0.0201417487797482,0.8527472527472527,0.016544453905694,0.2017962451668194,0.0461246618087449,0.2674888947584682,0.0301791799241356,0.2422836779256214,0.0503795674924186,0.612,0.0976160278278566,0.9647058823529412,0.0303763399702542,0.8,0.1581138830084189,0.1221036781922353,0.0306531172699202,0.1556361848322324,0.020783500431235,0.1429598925370337,0.0306734008663484,0.17282722513089,0.0272424096062141,0.1470125786163522,0.0200980602608113,0.1706959706959706,0.0285933355794118,33.01,5.203300234786893,93.5,12.782366325876009,46.6,7.805980613179445,-0.17282722513089,0.0272424096062141,-0.1470125786163522,0.0200980602608113,-0.1706959706959706,0.0285933355794118,0.1253225806451612,0.0195421869870543,0.1462035541195476,0.020789980713512,0.1456603773584905,0.0161281211822134,1.94,0.4880801391392834,0.1764705882352941,0.1518816998512712,1.0,0.7905694150420949,0.6894354838709678,0.0737538799008331,0.9373372612372896,0.0093284841670014,0.8489150943396225,0.1226581487664111,0.9882288439849074,0.0030889906224725,0.998868798274213,0.0009745392901896,0.993004147886225,0.0054834881032735,0.8746774193548387,0.0195421869870543,0.8537964458804523,0.020789980713512,0.8543396226415094,0.0161281211822134,0.92763523585932,0.0117608574944583,0.9205307634001738,0.0119346031548421,0.918390851378188,0.0097509911866706,186.0,0.0,619.0,0.0,265.0,0.0,0.1221036781922353,0.0306531172699202,0.1556361848322324,0.020783500431235,0.1429598925370337,0.0306734008663484,0.612,0.0976160278278566,0.9647058823529412,0.0303763399702542,0.8,0.1581138830084189,0.2017962451668194,0.0461246618087449,0.2674888947584682,0.0301791799241356,0.2422836779256214,0.0503795674924186,5.0,0.0,17.0,0.0,8.0,0.0,162.69,3.6348467795921096,528.5,12.868998061663971,226.4,4.273952113286562,23.31,3.634846779592107,90.5,12.868998061663971,38.6,4.273952113286562,1.94,0.4880801391392834,0.6,0.5163977794943222,1.6,1.2649110640673518,3.06,0.4880801391392834,16.4,0.5163977794943222,6.4,1.2649110640673518,0.8746774193548387,0.0195421869870543,0.8537964458804523,0.020789980713512,0.8543396226415094,0.0161281211822134,0.9882288439849074,0.0030889906224725,0.998868798274213,0.0009745392901896,0.993004147886225,0.0054834881032735,0.1253225806451612,0.0195421869870543,0.1462035541195476,0.020789980713512,0.1456603773584905,0.0161281211822134,0.388,0.0976160278278566,0.0352941176470588,0.0303763399702542,0.2,0.1581138830084189,HY3,y_2_vs_rest,X_STATS,No_scaler
